# skymap_id,tract,patch,mjd,taiobs
100410606,10041,"6,6",57785.3228635,2017-02-01 07:44:55.406000
100410606,10041,"6,6",58128.37454784,2018-01-10 08:59:20.933000
100410606,10041,"6,6",58128.4013775,2018-01-10 09:37:59.016000
100410606,10041,"6,6",57785.31370699,2017-02-01 07:31:44.284000
100410606,10041,"6,6",58128.42055208,2018-01-10 10:05:35.700000
100410606,10041,"6,6",57785.31862179,2017-02-01 07:38:48.923000
100410606,10041,"6,6",57398.3937204517,2016-01-11 09:26:57.447000
100410606,10041,"6,6",58128.41206422,2018-01-10 09:53:22.348000
100410606,10041,"6,6",57785.32706353,2017-02-01 07:50:58.289000
100420606,10042,"6,6",57785.45520358,2017-02-01 10:55:29.589000
100420606,10042,"6,6",58128.37734457,2018-01-10 09:03:22.571000
100420606,10042,"6,6",58128.40346733,2018-01-10 09:40:59.577000
100420606,10042,"6,6",58128.41417514,2018-01-10 09:56:24.732000
100420606,10042,"6,6",57398.3958339826,2016-01-11 09:30:00.056000
100420606,10042,"6,6",57785.31651162,2017-02-01 07:35:46.604000
100420606,10042,"6,6",57785.32071178,2017-02-01 07:41:49.498000
100420606,10042,"6,6",57785.32496101,2017-02-01 07:47:56.631000
100420606,10042,"6,6",57785.32916024,2017-02-01 07:53:59.445000
100430606,10043,"6,6",58128.42267508,2018-01-10 10:08:39.127000
100430606,10043,"6,6",57398.397950992,2016-01-11 09:33:02.966000
100430606,10043,"6,6",57398.4000918726,2016-01-11 09:36:07.938000
100430606,10043,"6,6",58128.39472678,2018-01-10 09:28:24.393000
100430606,10043,"6,6",58128.39928269,2018-01-10 09:34:58.025000
100430606,10043,"6,6",58128.40556754,2018-01-10 09:44:01.036000
100430606,10043,"6,6",58128.41417514,2018-01-10 09:56:24.732000
100430606,10043,"6,6",58128.41626969,2018-01-10 09:59:25.701000
100440606,10044,"6,6",58128.39053422,2018-01-10 09:22:22.156000
100440606,10044,"6,6",58128.40765577,2018-01-10 09:47:01.458000
100440606,10044,"6,6",58128.41837514,2018-01-10 10:02:27.612000
100440606,10044,"6,6",57398.4000918726,2016-01-11 09:36:07.938000
100440606,10044,"6,6",57398.4022220271,2016-01-11 09:39:11.983000
100450606,10045,"6,6",58128.39262526,2018-01-10 09:25:22.822000
100450606,10045,"6,6",57398.4285406806,2016-01-11 10:17:05.915000
100450606,10045,"6,6",57454.3991919491,2016-03-07 09:34:50.184000
100450606,10045,"6,6",58128.40974909,2018-01-10 09:50:02.321000
100450606,10045,"6,6",57454.347264396,2016-03-07 08:20:03.644000
100460606,10046,"6,6",57454.4184762416,2016-03-07 10:02:36.347000
100460606,10046,"6,6",57454.3501138454,2016-03-07 08:24:09.836000
100460606,10046,"6,6",57454.4013072159,2016-03-07 09:37:52.943000
100460606,10046,"6,6",57454.347264396,2016-03-07 08:20:03.644000
100460606,10046,"6,6",57454.3611167325,2016-03-07 08:40:00.486000
100460606,10046,"6,6",57454.3699667286,2016-03-07 08:52:45.125000
100470606,10047,"6,6",57454.3529567956,2016-03-07 08:28:15.467000
100470606,10047,"6,6",57454.3632395184,2016-03-07 08:43:03.894000
100470606,10047,"6,6",57454.403413943,2016-03-07 09:40:54.965000
100470606,10047,"6,6",57454.4205893292,2016-03-07 10:05:38.918000
100470606,10047,"6,6",57454.4227287187,2016-03-07 10:08:43.761000
100480606,10048,"6,6",57454.3557943986,2016-03-07 08:32:20.636000
100480606,10048,"6,6",57454.365355602,2016-03-07 08:46:06.724000
100480606,10048,"6,6",57454.3764117383,2016-03-07 09:02:01.974000
100480606,10048,"6,6",57454.4055480305,2016-03-07 09:43:59.350000
100480606,10048,"6,6",57454.4076654469,2016-03-07 09:47:02.295000
100480606,10048,"6,6",57454.4227287187,2016-03-07 10:08:43.761000
100480606,10048,"6,6",57454.4248550148,2016-03-07 10:11:47.473000
100490606,10049,"6,6",57454.3587484676,2016-03-07 08:36:35.868000
100490606,10049,"6,6",57454.3674779646,2016-03-07 08:49:10.096000
100490606,10049,"6,6",57454.3785301577,2016-03-07 09:05:05.006000
100490606,10049,"6,6",57454.4076654469,2016-03-07 09:47:02.295000
100490606,10049,"6,6",57454.4270526585,2016-03-07 10:14:57.350000
100550606,10055,"6,6",57834.32588862,2017-03-22 07:49:16.777000
100560606,10056,"6,6",57834.32798452,2017-03-22 07:52:17.863000
102870606,10287,"6,6",58128.40974909,2018-01-10 09:50:02.321000
102880606,10288,"6,6",57454.3699667286,2016-03-07 08:52:45.125000
102910606,10291,"6,6",57454.3785301577,2016-03-07 09:05:05.006000
102900606,10290,"6,6",57454.3764117383,2016-03-07 09:02:01.974000
104190606,10419,"6,6",57983.32337744,2017-08-18 07:45:39.811000
104190606,10419,"6,6",57983.33662601,2017-08-18 08:04:44.487000
104190606,10419,"6,6",57983.34715238,2017-08-18 08:19:53.966000
104190606,10419,"6,6",58019.21610396,2017-09-23 05:11:11.382000
104200606,10420,"6,6",57983.32617096,2017-08-18 07:49:41.171000
104200606,10420,"6,6",57983.33871817,2017-08-18 08:07:45.250000
104200606,10420,"6,6",57983.34926338,2017-08-18 08:22:56.356000
104200606,10420,"6,6",57983.35135472,2017-08-18 08:25:57.048000
106600606,10660,"6,6",58019.22942655,2017-09-23 05:30:22.454000
106600606,10660,"6,6",58019.21610396,2017-09-23 05:11:11.382000
158150606,15815,"6,6",57930.29687191,2017-06-26 07:07:29.733000
158160606,15816,"6,6",57866.5722497,2017-04-23 13:44:02.374000
158160606,15816,"6,6",57872.52773247,2017-04-29 12:39:56.086000
158160606,15816,"6,6",57872.55921011,2017-04-29 13:25:15.754000
158160606,15816,"6,6",57872.58856479,2017-04-29 14:07:31.998000
158170606,15817,"6,6",57866.57503788,2017-04-23 13:48:03.273000
158170606,15817,"6,6",57872.5298214,2017-04-29 12:42:56.569000
158170606,15817,"6,6",57872.56130778,2017-04-29 13:28:16.992000
158170606,15817,"6,6",57872.56339581,2017-04-29 13:31:17.398000
158170606,15817,"6,6",57872.59065248,2017-04-29 14:10:32.374000
158180606,15818,"6,6",57866.57782885,2017-04-23 13:52:04.412000
158180606,15818,"6,6",57866.58062956,2017-04-23 13:56:06.394000
158180606,15818,"6,6",57872.53191584,2017-04-29 12:45:57.528000
158180606,15818,"6,6",57872.56339581,2017-04-29 13:31:17.398000
158180606,15818,"6,6",57872.56548549,2017-04-29 13:34:17.946000
158180606,15818,"6,6",57872.59274697,2017-04-29 14:13:33.338000
158200606,15820,"6,6",57866.58342234,2017-04-23 14:00:07.690000
158200606,15820,"6,6",57866.58624326,2017-04-23 14:04:11.418000
158200606,15820,"6,6",57872.53609961,2017-04-29 12:51:59.006000
158200606,15820,"6,6",57872.53819381,2017-04-29 12:54:59.945000
158190606,15819,"6,6",57866.58062956,2017-04-23 13:56:06.394000
158200606,15820,"6,6",57872.5697031,2017-04-29 13:40:22.348000
158200606,15820,"6,6",57872.59692105,2017-04-29 14:19:33.979000
158190606,15819,"6,6",57866.58342234,2017-04-23 14:00:07.690000
158200606,15820,"6,6",57872.59902023,2017-04-29 14:22:35.348000
158190606,15819,"6,6",57872.53400823,2017-04-29 12:48:58.311000
158190606,15819,"6,6",57872.53609961,2017-04-29 12:51:59.006000
158190606,15819,"6,6",57872.56548549,2017-04-29 13:34:17.946000
158190606,15819,"6,6",57872.56758281,2017-04-29 13:37:19.155000
158190606,15819,"6,6",57872.5948331,2017-04-29 14:16:33.580000
158190606,15819,"6,6",57872.59692105,2017-04-29 14:19:33.979000
158210606,15821,"6,6",57869.51862875,2017-04-26 12:26:49.524000
158210606,15821,"6,6",57872.53819381,2017-04-29 12:54:59.945000
158210606,15821,"6,6",57872.54028543,2017-04-29 12:58:00.662000
158210606,15821,"6,6",57872.57180056,2017-04-29 13:43:23.568000
158210606,15821,"6,6",57872.59902023,2017-04-29 14:22:35.348000
158210606,15821,"6,6",57872.60111839,2017-04-29 14:25:36.629000
158220606,15822,"6,6",57576.3198521,2016-07-07 07:40:35.221000
158220606,15822,"6,6",57576.35205148,2016-07-07 08:26:57.248000
158230606,15823,"6,6",57545.4180141008,2016-06-06 10:01:56.418000
158230606,15823,"6,6",57576.35415822,2016-07-07 08:29:59.270000
158220606,15822,"6,6",57576.31197917,2016-07-07 07:29:15.001000
158220606,15822,"6,6",57576.33053848,2016-07-07 07:55:58.525000
158230606,15823,"6,6",57545.3987968117,2016-06-06 09:34:16.045000
158230606,15823,"6,6",57576.33264332,2016-07-07 07:59:00.383000
158240606,15824,"6,6",57545.401648575,2016-06-06 09:38:22.437000
158240606,15824,"6,6",57545.4201315693,2016-06-06 10:04:59.368000
158240606,15824,"6,6",57576.33475218,2016-07-07 08:02:02.589000
158240606,15824,"6,6",57576.35627727,2016-07-07 08:33:02.357000
158250606,15825,"6,6",57545.4044934316,2016-06-06 09:42:28.233000
158250606,15825,"6,6",57545.422255409,2016-06-06 10:08:02.867000
158250606,15825,"6,6",57576.33686644,2016-07-07 08:05:05.261000
158250606,15825,"6,6",57576.33898023,2016-07-07 08:08:07.891000
158250606,15825,"6,6",57576.35839759,2016-07-07 08:36:05.552000
158270606,15827,"6,6",57576.30889096,2016-07-07 07:24:48.179000
158260606,15826,"6,6",57576.36051465,2016-07-07 08:39:08.466000
158260606,15826,"6,6",57247.2555603362,2015-08-13 06:08:00.413000
158260606,15826,"6,6",57247.2605253537,2015-08-13 06:15:09.391000
158280606,15828,"6,6",57247.2760868263,2015-08-13 06:37:33.902000
158260606,15826,"6,6",57545.4073352371,2016-06-06 09:46:33.764000
158270606,15827,"6,6",57247.2697307244,2015-08-13 06:28:24.735000
158280606,15828,"6,6",57247.2718453132,2015-08-13 06:31:27.435000
158270606,15827,"6,6",57247.2718453132,2015-08-13 06:31:27.435000
158260606,15826,"6,6",57576.33898023,2016-07-07 08:08:07.891000
158260606,15826,"6,6",57247.2513134158,2015-08-13 06:01:53.479000
158270606,15827,"6,6",57576.3067786,2016-07-07 07:21:45.671000
158260606,15826,"6,6",57247.2647600635,2015-08-13 06:21:15.269000
158270606,15827,"6,6",57247.2739682919,2015-08-13 06:34:30.860000
158260606,15826,"6,6",57545.4243684034,2016-06-06 10:11:05.430000
158280606,15828,"6,6",57576.3067786,2016-07-07 07:21:45.671000
158280606,15828,"6,6",57217.408392848,2015-07-14 09:48:05.142000
158270606,15827,"6,6",57247.2513134158,2015-08-13 06:01:53.479000
158280606,15828,"6,6",57217.4105019066,2015-07-14 09:51:07.365000
158270606,15827,"6,6",57247.2534450679,2015-08-13 06:04:57.654000
158280606,15828,"6,6",57217.4126223479,2015-07-14 09:54:10.571000
158280606,15828,"6,6",57217.4147438314,2015-07-14 09:57:13.867000
158280606,15828,"6,6",57247.2697307244,2015-08-13 06:28:24.735000
158270606,15827,"6,6",57247.2555603362,2015-08-13 06:08:00.413000
158270606,15827,"6,6",57247.2576787225,2015-08-13 06:11:03.442000
158270606,15827,"6,6",57247.2605253537,2015-08-13 06:15:09.391000
158270606,15827,"6,6",57247.2626386406,2015-08-13 06:18:11.979000
158270606,15827,"6,6",57247.2647600635,2015-08-13 06:21:15.269000
158270606,15827,"6,6",57247.2668858627,2015-08-13 06:24:18.939000
158290606,15829,"6,6",57217.3900167244,2015-07-14 09:21:37.445000
158290606,15829,"6,6",57217.3921410539,2015-07-14 09:24:40.987000
158290606,15829,"6,6",57217.3942566537,2015-07-14 09:27:43.775000
158290606,15829,"6,6",57217.3963567889,2015-07-14 09:30:45.227000
158290606,15829,"6,6",57217.4105019066,2015-07-14 09:51:07.365000
158290606,15829,"6,6",57217.4147438314,2015-07-14 09:57:13.867000
158300606,15830,"6,6",57217.3524864251,2015-07-14 08:27:34.827000
158300606,15830,"6,6",57217.3631782802,2015-07-14 08:42:58.603000
158300606,15830,"6,6",57217.3718822105,2015-07-14 08:55:30.623000
158300606,15830,"6,6",57217.3806259423,2015-07-14 09:08:06.081000
158310606,15831,"6,6",57159.5733102965,2015-05-17 13:45:34.010000
158310606,15831,"6,6",57159.5840710448,2015-05-17 14:01:03.738000
158310606,15831,"6,6",57159.5925241299,2015-05-17 14:13:14.085000
158310606,15831,"6,6",57159.6009892174,2015-05-17 14:25:25.468000
158320606,15832,"6,6",57159.5762578165,2015-05-17 13:49:48.675000
158320606,15832,"6,6",57159.5861903131,2015-05-17 14:04:06.843000
158320606,15832,"6,6",57159.5946369208,2015-05-17 14:16:16.630000
158320606,15832,"6,6",57159.6094942014,2015-05-17 14:37:40.299000
158340606,15834,"6,6",57247.3179195682,2015-08-13 07:37:48.251000
158340606,15834,"6,6",57247.3200317281,2015-08-13 07:40:50.741000
158340606,15834,"6,6",57247.3221393391,2015-08-13 07:43:52.839000
158340606,15834,"6,6",57247.3242518646,2015-08-13 07:46:55.361000
158330606,15833,"6,6",57217.3553714133,2015-07-14 08:31:44.090000
158330606,15833,"6,6",57217.3653136138,2015-07-14 08:46:03.096000
158330606,15833,"6,6",57217.3740018317,2015-07-14 08:58:33.758000
158330606,15833,"6,6",57217.3827437675,2015-07-14 09:11:09.061000
158330606,15833,"6,6",57247.3221393391,2015-08-13 07:43:52.839000
159930606,15993,"6,6",57930.31710173,2017-06-26 07:36:37.589000
159940606,15994,"6,6",57869.52148926,2017-04-26 12:30:56.672000
159940606,15994,"6,6",57872.55711702,2017-04-29 13:22:14.911000
159940606,15994,"6,6",57872.5739098,2017-04-29 13:46:25.806000
159940606,15994,"6,6",57872.60326574,2017-04-29 14:28:42.160000
159950606,15995,"6,6",57869.52427799,2017-04-26 12:34:57.618000
159950606,15995,"6,6",57872.54451209,2017-04-29 13:04:05.844000
159950606,15995,"6,6",57872.57601017,2017-04-29 13:49:27.279000
159950606,15995,"6,6",57872.60536787,2017-04-29 14:31:43.784000
159960606,15996,"6,6",57869.52706683,2017-04-26 12:38:58.574000
159960606,15996,"6,6",57872.54660048,2017-04-29 13:07:06.282000
159960606,15996,"6,6",57872.57810116,2017-04-29 13:52:27.940000
159960606,15996,"6,6",57872.58019075,2017-04-29 13:55:28.481000
159960606,15996,"6,6",57872.60746618,2017-04-29 14:34:45.078000
159970606,15997,"6,6",57866.6003607,2017-04-23 14:24:31.164000
159970606,15997,"6,6",57869.52985879,2017-04-26 12:42:59.800000
159970606,15997,"6,6",57872.54869642,2017-04-29 13:10:07.370000
159970606,15997,"6,6",57872.58019075,2017-04-29 13:55:28.481000
159970606,15997,"6,6",57872.58228583,2017-04-29 13:58:29.496000
159970606,15997,"6,6",57872.60956319,2017-04-29 14:37:46.260000
159980606,15998,"6,6",57866.60315191,2017-04-23 14:28:32.325000
159980606,15998,"6,6",57869.53265265,2017-04-26 12:47:01.189000
159980606,15998,"6,6",57869.53544357,2017-04-26 12:51:02.325000
159980606,15998,"6,6",57872.55079699,2017-04-29 13:13:08.860000
159980606,15998,"6,6",57872.55290431,2017-04-29 13:16:10.932000
159980606,15998,"6,6",57872.58437999,2017-04-29 14:01:30.431000
159980606,15998,"6,6",57872.61165923,2017-04-29 14:40:47.358000
159990606,15999,"6,6",57869.53544357,2017-04-26 12:51:02.325000
159990606,15999,"6,6",57869.53823757,2017-04-26 12:55:03.726000
159990606,15999,"6,6",57872.55290431,2017-04-29 13:16:10.932000
159990606,15999,"6,6",57872.55499658,2017-04-29 13:19:11.704000
159990606,15999,"6,6",57872.58646816,2017-04-29 14:04:30.849000
159990606,15999,"6,6",57872.61375867,2017-04-29 14:43:48.749000
159990606,15999,"6,6",57872.61584965,2017-04-29 14:46:49.410000
160000606,16000,"6,6",57872.55499658,2017-04-29 13:19:11.704000
160000606,16000,"6,6",57576.31485269,2016-07-07 07:33:23.272000
160000606,16000,"6,6",57576.32198227,2016-07-07 07:43:39.268000
160000606,16000,"6,6",57576.3413997,2016-07-07 08:11:36.934000
160000606,16000,"6,6",57576.36294705,2016-07-07 08:42:38.625000
160010606,16001,"6,6",57576.34351936,2016-07-07 08:14:40.073000
160010606,16001,"6,6",57576.36505944,2016-07-07 08:45:41.135000
160010606,16001,"6,6",57576.31773296,2016-07-07 07:37:32.128000
160010606,16001,"6,6",57576.32409664,2016-07-07 07:46:41.949000
160020606,16002,"6,6",57545.4101766702,2016-06-06 09:50:39.264000
160020606,16002,"6,6",57545.4265444144,2016-06-06 10:14:13.437000
160020606,16002,"6,6",57576.34564405,2016-07-07 08:17:43.646000
160020606,16002,"6,6",57576.36718269,2016-07-07 08:48:44.584000
160030606,16003,"6,6",57545.413018473,2016-06-06 09:54:44.796000
160030606,16003,"6,6",57576.32620448,2016-07-07 07:49:44.067000
160030606,16003,"6,6",57576.34777175,2016-07-07 08:20:47.479000
160030606,16003,"6,6",57576.34988696,2016-07-07 08:23:50.233000
160030606,16003,"6,6",57576.36930471,2016-07-07 08:51:47.927000
160040606,16004,"6,6",57247.3149936311,2015-08-13 07:33:35.450000
160040606,16004,"6,6",57247.3290628339,2015-08-13 07:53:51.029000
160040606,16004,"6,6",57545.4158613803,2016-06-06 09:58:50.423000
160040606,16004,"6,6",57576.32831352,2016-07-07 07:52:46.288000
160040606,16004,"6,6",57576.34988696,2016-07-07 08:23:50.233000
160040606,16004,"6,6",57576.37141377,2016-07-07 08:54:50.150000
160050606,16005,"6,6",57247.2789328843,2015-08-13 06:41:39.801000
160050606,16005,"6,6",57247.2810482639,2015-08-13 06:44:42.570000
160050606,16005,"6,6",57247.2831692924,2015-08-13 06:47:45.827000
160050606,16005,"6,6",57247.2881432539,2015-08-13 06:54:55.577000
160050606,16005,"6,6",57247.2902701576,2015-08-13 06:57:59.342000
160050606,16005,"6,6",57247.292387912,2015-08-13 07:01:02.316000
160050606,16005,"6,6",57247.3128755116,2015-08-13 07:30:32.444000
160050606,16005,"6,6",57247.3149936311,2015-08-13 07:33:35.450000
160050606,16005,"6,6",57247.3269460513,2015-08-13 07:50:48.139000
160060606,16006,"6,6",57247.2881432539,2015-08-13 06:54:55.577000
160060606,16006,"6,6",57247.2902701576,2015-08-13 06:57:59.342000
160060606,16006,"6,6",57247.2945005721,2015-08-13 07:04:04.849000
160060606,16006,"6,6",57247.2973505585,2015-08-13 07:08:11.088000
160060606,16006,"6,6",57247.2994673927,2015-08-13 07:11:13.983000
160060606,16006,"6,6",57247.3015777976,2015-08-13 07:14:16.322000
160060606,16006,"6,6",57247.3036984829,2015-08-13 07:17:19.549000
160060606,16006,"6,6",57247.2789328843,2015-08-13 06:41:39.801000
160060606,16006,"6,6",57247.2810482639,2015-08-13 06:44:42.570000
160060606,16006,"6,6",57247.2852818994,2015-08-13 06:50:48.356000
160070606,16007,"6,6",57217.3992030197,2015-07-14 09:34:51.141000
160070606,16007,"6,6",57217.4013160258,2015-07-14 09:37:53.705000
160070606,16007,"6,6",57217.4034311571,2015-07-14 09:40:56.452000
160070606,16007,"6,6",57217.4055537898,2015-07-14 09:43:59.847000
160070606,16007,"6,6",57247.2994673927,2015-08-13 07:11:13.983000
160080606,16008,"6,6",57217.3582463288,2015-07-14 08:35:52.483000
160080606,16008,"6,6",57217.3676686636,2015-07-14 08:49:26.573000
160080606,16008,"6,6",57217.3764020158,2015-07-14 09:02:01.134000
160080606,16008,"6,6",57217.3850688236,2015-07-14 09:14:29.946000
160090606,16009,"6,6",57159.6116028754,2015-05-17 14:40:42.488000
160090606,16009,"6,6",57217.3610812183,2015-07-14 08:39:57.417000
160090606,16009,"6,6",57217.3697759695,2015-07-14 08:52:28.644000
160090606,16009,"6,6",57217.3785161735,2015-07-14 09:05:03.797000
160090606,16009,"6,6",57217.3871751251,2015-07-14 09:17:31.931000
160100606,16010,"6,6",57159.5791118615,2015-05-17 13:53:55.265000
160100606,16010,"6,6",57159.5883042444,2015-05-17 14:07:09.487000
160100606,16010,"6,6",57159.5988639151,2015-05-17 14:22:21.842000
160100606,16010,"6,6",57159.6052226676,2015-05-17 14:31:31.238000
160100606,16010,"6,6",57159.6116028754,2015-05-17 14:40:42.488000
160110606,16011,"6,6",57159.5819508354,2015-05-17 13:58:00.552000
160110606,16011,"6,6",57159.5904181539,2015-05-17 14:10:12.128000
160110606,16011,"6,6",57159.5988639151,2015-05-17 14:22:21.842000
160110606,16011,"6,6",57159.6073802458,2015-05-17 14:34:37.653000
160110606,16011,"6,6",57247.3319911957,2015-08-13 07:58:04.039000
160110606,16011,"6,6",57247.3362215734,2015-08-13 08:04:09.544000
160120606,16012,"6,6",57247.3319911957,2015-08-13 07:58:04.039000
160120606,16012,"6,6",57247.3341090791,2015-08-13 08:01:07.024000
160120606,16012,"6,6",57247.338335901,2015-08-13 08:07:12.222000
82860606,8286,"6,6",57309.4969361974,2015-10-14 11:55:35.287000
82850606,8285,"6,6",56986.4350216091,2014-11-25 10:26:25.867000
82850606,8285,"6,6",56986.4806539011,2014-11-25 11:32:08.497000
82850606,8285,"6,6",57309.4680497451,2015-10-14 11:13:59.498000
82850606,8285,"6,6",57309.4878608836,2015-10-14 11:42:31.180000
91000606,9100,"6,6",57454.4431433366,2016-03-07 10:38:07.584000
91000606,9100,"6,6",57454.4459767393,2016-03-07 10:42:12.390000
91000606,9100,"6,6",57454.5183072085,2016-03-07 12:26:21.743000
91000606,9100,"6,6",57454.5484966389,2016-03-07 13:09:50.110000
91020606,9102,"6,6",57482.2877302757,2016-04-04 06:54:19.896000
91010606,9101,"6,6",57454.5506084017,2016-03-07 13:12:52.566000
91020606,9102,"6,6",57482.3111242992,2016-04-04 07:28:01.139000
91010606,9101,"6,6",57482.2848854125,2016-04-04 06:50:14.100000
91010606,9101,"6,6",57482.309004135,2016-04-04 07:24:57.957000
91020606,9102,"6,6",57482.3195825252,2016-04-04 07:40:11.930000
91040606,9104,"6,6",57106.5037107742,2015-03-25 12:05:20.611000
91010606,9101,"6,6",57482.3195825252,2016-04-04 07:40:11.930000
91040606,9104,"6,6",57106.5295021161,2015-03-25 12:42:28.983000
91020606,9102,"6,6",57482.321701447,2016-04-04 07:43:15.005000
91030606,9103,"6,6",57159.335875981,2015-05-17 08:03:39.685000
91030606,9103,"6,6",57159.3295061989,2015-05-17 07:54:29.336000
91050606,9105,"6,6",57106.43922971,2015-03-25 10:32:29.447000
91030606,9103,"6,6",57159.3153242068,2015-05-17 07:34:04.011000
91040606,9104,"6,6",57106.4363582935,2015-03-25 10:28:21.357000
91060606,9106,"6,6",57106.5080474857,2015-03-25 12:11:35.303000
91050606,9105,"6,6",57106.5058908337,2015-03-25 12:08:28.968000
91060606,9106,"6,6",57106.5338711646,2015-03-25 12:48:46.469000
91050606,9105,"6,6",57106.5316527067,2015-03-25 12:45:34.794000
91070606,9107,"6,6",57106.5359958531,2015-03-25 12:51:50.042000
91060606,9106,"6,6",57106.4421389312,2015-03-25 10:36:40.804000
91070606,9107,"6,6",57482.3337011458,2016-04-04 08:00:31.779000
91070606,9107,"6,6",57482.3778858827,2016-04-04 09:04:09.340000
91070606,9107,"6,6",57482.3971391423,2016-04-04 09:31:52.822000
91090606,9109,"6,6",57482.3393890308,2016-04-04 08:08:43.212000
91090606,9109,"6,6",57482.3821407538,2016-04-04 09:10:16.961000
91090606,9109,"6,6",57482.3992447639,2016-04-04 09:34:54.748000
91090606,9109,"6,6",57482.4013551441,2016-04-04 09:37:57.084000
91080606,9108,"6,6",57482.3365433863,2016-04-04 08:04:37.349000
91080606,9108,"6,6",57482.3800004339,2016-04-04 09:07:12.037000
91080606,9108,"6,6",57482.3971391423,2016-04-04 09:31:52.822000
91080606,9108,"6,6",57482.3992447639,2016-04-04 09:34:54.748000
91100606,9110,"6,6",57482.4243358104,2016-04-04 10:11:02.614000
91100606,9110,"6,6",57482.4994908674,2016-04-04 11:59:16.011000
91100606,9110,"6,6",57482.5016031996,2016-04-04 12:02:18.516000
91100606,9110,"6,6",57482.5315401936,2016-04-04 12:45:25.073000
91130606,9113,"6,6",57482.4328755005,2016-04-04 10:23:20.443000
91120606,9112,"6,6",57482.4300315697,2016-04-04 10:19:14.728000
91130606,9113,"6,6",57482.4357051775,2016-04-04 10:27:24.927000
91120606,9112,"6,6",57482.505836843,2016-04-04 12:08:24.303000
91120606,9112,"6,6",57482.5357729672,2016-04-04 12:51:30.784000
91130606,9113,"6,6",57482.50794838,2016-04-04 12:11:26.740000
91130606,9113,"6,6",57482.5378939556,2016-04-04 12:54:34.038000
91110606,9111,"6,6",57482.4271855997,2016-04-04 10:15:08.836000
91110606,9111,"6,6",57482.5037234914,2016-04-04 12:05:21.710000
91110606,9111,"6,6",57482.5336493379,2016-04-04 12:48:27.303000
91240606,9124,"6,6",57454.6190601857,2016-03-07 14:51:26.800000
91240606,9124,"6,6",57545.3299189471,2016-06-06 07:55:04.997000
91240606,9124,"6,6",57545.363390584,2016-06-06 08:43:16.946000
91240606,9124,"6,6",57545.3782906309,2016-06-06 09:04:44.311000
91230606,9123,"6,6",57545.3270845641,2016-06-06 07:51:00.106000
91230606,9123,"6,6",57545.3612850509,2016-06-06 08:40:15.028000
91230606,9123,"6,6",57545.391090428,2016-06-06 09:23:10.213000
91250606,9125,"6,6",57454.5845683995,2016-03-07 14:01:46.710000
91250606,9125,"6,6",57454.6212037229,2016-03-07 14:54:32.002000
91250606,9125,"6,6",57454.6346744518,2016-03-07 15:13:55.873000
91260606,9126,"6,6",57454.5874307738,2016-03-07 14:05:54.019000
91260606,9126,"6,6",57454.6239552223,2016-03-07 14:58:29.731000
91270606,9127,"6,6",57217.2570252214,2015-07-14 06:10:06.979000
91260606,9126,"6,6",57454.6367973923,2016-03-07 15:16:59.295000
91270606,9127,"6,6",57217.2711105151,2015-07-14 06:30:23.949000
91270606,9127,"6,6",57454.5902794972,2016-03-07 14:10:00.149000
91270606,9127,"6,6",57454.6389496024,2016-03-07 15:20:05.246000
91280606,9128,"6,6",57159.3446111814,2015-05-17 08:16:14.406000
91280606,9128,"6,6",57159.4280714551,2015-05-17 10:16:25.374000
91280606,9128,"6,6",57159.4452162553,2015-05-17 10:41:06.684000
91280606,9128,"6,6",57217.2774483706,2015-07-14 06:39:31.539000
91290606,9129,"6,6",57159.3474552273,2015-05-17 08:20:20.132000
91290606,9129,"6,6",57159.4302100465,2015-05-17 10:19:30.148000
91290606,9129,"6,6",57159.4452162553,2015-05-17 10:41:06.684000
91290606,9129,"6,6",57159.447334148,2015-05-17 10:44:09.670000
91300606,9130,"6,6",57159.3503002743,2015-05-17 08:24:25.944000
91300606,9130,"6,6",57159.4323312556,2015-05-17 10:22:33.420000
91300606,9130,"6,6",57159.447334148,2015-05-17 10:44:09.670000
91300606,9130,"6,6",57159.4494523741,2015-05-17 10:47:12.685000
91310606,9131,"6,6",57159.3531466089,2015-05-17 08:28:31.867000
91310606,9131,"6,6",57159.4344409849,2015-05-17 10:25:35.701000
91310606,9131,"6,6",57159.4365466191,2015-05-17 10:28:37.628000
91310606,9131,"6,6",57159.4515695637,2015-05-17 10:50:15.610000
91320606,9132,"6,6",57159.3560135914,2015-05-17 08:32:39.574000
91320606,9132,"6,6",57159.4536804045,2015-05-17 10:53:17.987000
91320606,9132,"6,6",57159.466388647,2015-05-17 11:11:35.979000
91330606,9133,"6,6",57159.4060012982,2015-05-17 09:44:38.512000
91330606,9133,"6,6",57159.4706279626,2015-05-17 11:17:42.256000
91330606,9133,"6,6",57159.4960684641,2015-05-17 11:54:20.315000
91350606,9135,"6,6",57482.5701592946,2016-04-04 13:41:01.763000
91350606,9135,"6,6",57482.5986402715,2016-04-04 14:22:02.519000
91350606,9135,"6,6",57482.6092597353,2016-04-04 14:37:20.041000
91350606,9135,"6,6",57482.611363769,2016-04-04 14:40:21.830000
91350606,9135,"6,6",57482.6219485859,2016-04-04 14:55:36.358000
91340606,9134,"6,6",57159.408845468,2015-05-17 09:48:44.248000
91340606,9134,"6,6",57159.4897012901,2015-05-17 11:45:10.191000
91340606,9134,"6,6",57482.5672967653,2016-04-04 13:36:54.441000
91340606,9134,"6,6",57482.5965116429,2016-04-04 14:18:58.606000
91360606,9136,"6,6",57482.611363769,2016-04-04 14:40:21.830000
91360606,9136,"6,6",57482.6219485859,2016-04-04 14:55:36.358000
92260606,9226,"6,6",57930.58933755,2017-06-26 14:08:38.764000
92260606,9226,"6,6",57983.40050824,2017-08-18 09:36:43.912000
92260606,9226,"6,6",57992.60868014,2017-08-27 14:36:29.964000
92260606,9226,"6,6",58020.31195456,2017-09-24 07:29:12.874000
92260606,9226,"6,6",58020.31404464,2017-09-24 07:32:13.457000
92260606,9226,"6,6",58020.34339476,2017-09-24 08:14:29.308000
92260606,9226,"6,6",58020.35175116,2017-09-24 08:26:31.300000
92270606,9227,"6,6",58020.35593087,2017-09-24 08:32:32.427000
92270606,9227,"6,6",57930.59220003,2017-06-26 14:12:46.083000
92270606,9227,"6,6",57983.40259713,2017-08-18 09:39:44.392000
92270606,9227,"6,6",57992.61077648,2017-08-27 14:39:31.088000
92270606,9227,"6,6",58020.31613546,2017-09-24 07:35:14.104000
92270606,9227,"6,6",58020.3454828,2017-09-24 08:17:29.714000
92270606,9227,"6,6",58020.35384082,2017-09-24 08:29:31.846000
92280606,9228,"6,6",58020.34757051,2017-09-24 08:20:30.092000
92280606,9228,"6,6",58020.35802189,2017-09-24 08:35:33.091000
92280606,9228,"6,6",58020.37131095,2017-09-24 08:54:41.266000
92290606,9229,"6,6",58020.37131095,2017-09-24 08:54:41.266000
92290606,9229,"6,6",58020.37410155,2017-09-24 08:58:42.374000
92290606,9229,"6,6",58020.41294166,2017-09-24 09:54:38.160000
92280606,9228,"6,6",57930.59514345,2017-06-26 14:17:00.394000
92280606,9228,"6,6",57992.61287706,2017-08-27 14:42:32.578000
92280606,9228,"6,6",57983.40469158,2017-08-18 09:42:45.353000
92370606,9237,"6,6",57309.2681491119,2015-10-14 06:26:08.083000
92370606,9237,"6,6",57309.3103217552,2015-10-14 07:26:51.800000
92370606,9237,"6,6",57309.3424544935,2015-10-14 08:13:08.068000
92370606,9237,"6,6",57309.3744551423,2015-10-14 08:59:12.924000
92380606,9238,"6,6",57309.2709885263,2015-10-14 06:30:13.409000
92380606,9238,"6,6",57309.3124493389,2015-10-14 07:29:55.623000
92380606,9238,"6,6",57309.3445615931,2015-10-14 08:16:10.122000
92380606,9238,"6,6",57309.3744551423,2015-10-14 08:59:12.924000
92380606,9238,"6,6",57309.3765715021,2015-10-14 09:02:15.778000
92380606,9238,"6,6",57309.3850998581,2015-10-14 09:14:32.628000
92390606,9239,"6,6",57309.2738264026,2015-10-14 06:34:18.601000
92390606,9239,"6,6",57309.3145751166,2015-10-14 07:32:59.290000
92390606,9239,"6,6",57309.3466768954,2015-10-14 08:19:12.884000
92390606,9239,"6,6",57309.3488094732,2015-10-14 08:22:17.138000
92390606,9239,"6,6",57309.3786800942,2015-10-14 09:05:17.960000
92390606,9239,"6,6",57309.3872199762,2015-10-14 09:17:35.806000
92400606,9240,"6,6",57309.2766895881,2015-10-14 06:38:25.980000
92400606,9240,"6,6",57309.3167306245,2015-10-14 07:36:05.526000
92400606,9240,"6,6",57309.3488094732,2015-10-14 08:22:17.138000
92400606,9240,"6,6",57309.350967628,2015-10-14 08:25:23.603000
92400606,9240,"6,6",57309.3807931645,2015-10-14 09:08:20.529000
92400606,9240,"6,6",57309.3893389627,2015-10-14 09:20:38.886000
92400606,9240,"6,6",57658.40997787,2016-09-27 09:50:22.088000
92410606,9241,"6,6",57309.2795373281,2015-10-14 06:42:32.025000
92410606,9241,"6,6",57309.3188476725,2015-10-14 07:39:08.439000
92410606,9241,"6,6",57309.3829054497,2015-10-14 09:11:23.031000
92410606,9241,"6,6",57309.3914536498,2015-10-14 09:23:41.595000
92410606,9241,"6,6",57309.39357033,2015-10-14 09:26:44.477000
92410606,9241,"6,6",57658.41209409,2016-09-27 09:53:24.930000
92460606,9246,"6,6",57781.30922226,2017-01-28 07:25:16.804000
92460606,9246,"6,6",57781.31826184,2017-01-28 07:38:17.823000
92460606,9246,"6,6",57781.3224364,2017-01-28 07:44:18.505000
92460606,9246,"6,6",58128.23827875,2018-01-10 05:43:07.284000
92460606,9246,"6,6",58128.26657476,2018-01-10 06:23:52.059000
92460606,9246,"6,6",58128.28381342,2018-01-10 06:48:41.480000
92460606,9246,"6,6",58128.28590798,2018-01-10 06:51:42.450000
92460606,9246,"6,6",58128.30285079,2018-01-10 07:16:06.308000
92470606,9247,"6,6",57781.25680851,2017-01-28 06:09:48.255000
92470606,9247,"6,6",57781.31617653,2017-01-28 07:35:17.653000
92470606,9247,"6,6",57781.32034775,2017-01-28 07:41:18.045000
92470606,9247,"6,6",57781.3224364,2017-01-28 07:44:18.505000
92470606,9247,"6,6",57781.32457339,2017-01-28 07:47:23.141000
92470606,9247,"6,6",58128.24107916,2018-01-10 05:47:09.239000
92470606,9247,"6,6",58128.26868659,2018-01-10 06:26:54.521000
92470606,9247,"6,6",58128.28590798,2018-01-10 06:51:42.450000
92470606,9247,"6,6",58128.28800794,2018-01-10 06:54:43.886000
92470606,9247,"6,6",58128.30494716,2018-01-10 07:19:07.434000
92470606,9247,"6,6",58128.34221458,2018-01-10 08:12:47.340000
92480606,9248,"6,6",58128.3070375,2018-01-10 07:22:08.040000
92480606,9248,"6,6",58128.34430631,2018-01-10 08:15:48.065000
92480606,9248,"6,6",58128.34639762,2018-01-10 08:18:48.755000
92480606,9248,"6,6",57781.26585248,2017-01-28 06:22:49.654000
92480606,9248,"6,6",57781.27500463,2017-01-28 06:36:00.400000
92480606,9248,"6,6",58128.24389983,2018-01-10 05:51:12.945000
92480606,9248,"6,6",58128.27078468,2018-01-10 06:29:55.796000
92480606,9248,"6,6",58128.29010305,2018-01-10 06:57:44.903000
92490606,9249,"6,6",57781.28405155,2017-01-28 06:49:02.054000
92490606,9249,"6,6",58128.24671655,2018-01-10 05:55:16.310000
92490606,9249,"6,6",58128.24953528,2018-01-10 05:59:19.848000
92490606,9249,"6,6",58128.27289701,2018-01-10 06:32:58.302000
92490606,9249,"6,6",58128.2922043,2018-01-10 07:00:46.452000
92490606,9249,"6,6",58128.30912992,2018-01-10 07:25:08.825000
92490606,9249,"6,6",58128.34849193,2018-01-10 08:21:49.703000
92500606,9250,"6,6",57781.29309435,2017-01-28 07:02:03.352000
92500606,9250,"6,6",58128.24953528,2018-01-10 05:59:19.848000
92500606,9250,"6,6",58128.25235608,2018-01-10 06:03:23.565000
92500606,9250,"6,6",58128.27500693,2018-01-10 06:36:00.599000
92500606,9250,"6,6",58128.29430909,2018-01-10 07:03:48.305000
92500606,9250,"6,6",58128.31122042,2018-01-10 07:28:09.444000
92500606,9250,"6,6",58128.35057912,2018-01-10 08:24:50.036000
93140606,9314,"6,6",57398.3729715664,2016-01-11 08:57:04.743000
93140606,9314,"6,6",56986.5623440421,2014-11-25 13:29:46.525000
93150606,9315,"6,6",56986.6438139584,2014-11-25 15:27:05.526000
93140606,9314,"6,6",57398.3602549927,2016-01-11 08:38:46.031000
93140606,9314,"6,6",57398.352441398,2016-01-11 08:27:30.937000
93150606,9315,"6,6",57781.35055754,2017-01-28 08:24:48.172000
93150606,9315,"6,6",56986.6481087008,2014-11-25 15:33:16.592000
93150606,9315,"6,6",56986.5652115666,2014-11-25 13:33:54.279000
93150606,9315,"6,6",56986.5768802869,2014-11-25 13:50:42.457000
93140606,9314,"6,6",56986.5466366345,2014-11-25 13:07:09.405000
93140606,9314,"6,6",57781.34845753,2017-01-28 08:21:46.731000
93150606,9315,"6,6",56986.5487517491,2014-11-25 13:10:12.151000
93140606,9314,"6,6",56986.5746961073,2014-11-25 13:47:33.744000
93160606,9316,"6,6",57781.35266531,2017-01-28 08:27:50.282000
93160606,9316,"6,6",56986.5790290753,2014-11-25 13:53:48.112000
93160606,9316,"6,6",56986.586199753,2014-11-25 14:04:07.659000
93160606,9316,"6,6",56986.6027937252,2014-11-25 14:28:01.378000
93160606,9316,"6,6",56986.6157792523,2014-11-25 14:46:43.327000
93160606,9316,"6,6",56986.6286453092,2014-11-25 15:05:14.955000
93160606,9316,"6,6",56986.6481087008,2014-11-25 15:33:16.592000
93170606,9317,"6,6",57781.35476033,2017-01-28 08:30:51.292000
93170606,9317,"6,6",56986.5890341629,2014-11-25 14:08:12.552000
93170606,9317,"6,6",56986.6049064514,2014-11-25 14:31:03.917000
93170606,9317,"6,6",56986.6179341809,2014-11-25 14:49:49.513000
93170606,9317,"6,6",56986.630763114,2014-11-25 15:08:17.933000
93170606,9317,"6,6",56986.6329164305,2014-11-25 15:11:23.980000
93170606,9317,"6,6",57106.4056358524,2015-03-25 09:44:06.938000
93180606,9318,"6,6",57106.3761480879,2015-03-25 09:01:39.195000
93180606,9318,"6,6",57106.3928020089,2015-03-25 09:25:38.094000
93180606,9318,"6,6",57106.4056358524,2015-03-25 09:44:06.938000
93180606,9318,"6,6",57106.4077564157,2015-03-25 09:47:10.154000
93180606,9318,"6,6",57106.4184411718,2015-03-25 10:02:33.317000
93180606,9318,"6,6",57454.2454298772,2016-03-07 05:53:25.141000
93180606,9318,"6,6",57454.2475533867,2016-03-07 05:56:28.613000
93190606,9319,"6,6",57106.3790717865,2015-03-25 09:05:51.802000
93190606,9319,"6,6",57106.3949278053,2015-03-25 09:28:41.762000
93190606,9319,"6,6",57106.4205838135,2015-03-25 10:05:38.441000
93190606,9319,"6,6",57340.6144103967,2015-11-14 14:44:45.058000
93190606,9319,"6,6",57454.2475533867,2016-03-07 05:56:28.613000
93190606,9319,"6,6",57454.2496581604,2016-03-07 05:59:30.465000
93200606,9320,"6,6",57340.5778383398,2015-11-14 13:52:05.233000
93200606,9320,"6,6",57340.5970352083,2015-11-14 14:19:43.842000
93200606,9320,"6,6",57340.6165223331,2015-11-14 14:47:47.530000
93200606,9320,"6,6",57340.6271084547,2015-11-14 15:03:02.170000
93200606,9320,"6,6",57340.6292327102,2015-11-14 15:06:05.706000
93200606,9320,"6,6",57454.2517747236,2016-03-07 06:02:33.336000
93210606,9321,"6,6",57340.5778383398,2015-11-14 13:52:05.233000
93210606,9321,"6,6",57340.5806800085,2015-11-14 13:56:10.753000
93210606,9321,"6,6",57340.5991651597,2015-11-14 14:22:47.870000
93210606,9321,"6,6",57340.6186431106,2015-11-14 14:50:50.765000
93210606,9321,"6,6",57340.6313402918,2015-11-14 15:09:07.801000
93210606,9321,"6,6",57340.6377048013,2015-11-14 15:18:17.695000
93210606,9321,"6,6",57454.2538866596,2016-03-07 06:05:35.807000
93220606,9322,"6,6",57340.633463922,2015-11-14 15:12:11.283000
93220606,9322,"6,6",57482.240367929,2016-04-04 05:46:07.789000
93220606,9322,"6,6",57482.2481764075,2016-04-04 05:57:22.442000
93220606,9322,"6,6",57482.2630179073,2016-04-04 06:18:44.747000
93220606,9322,"6,6",57482.2735935822,2016-04-04 06:33:58.486000
93220606,9322,"6,6",57482.2778274072,2016-04-04 06:40:04.288000
93230606,9323,"6,6",57781.41374856,2017-01-28 09:55:47.876000
93230606,9323,"6,6",57482.2432099823,2016-04-04 05:50:13.342000
93230606,9323,"6,6",57482.2503066156,2016-04-04 06:00:26.492000
93230606,9323,"6,6",57482.2545284643,2016-04-04 06:06:31.259000
93230606,9323,"6,6",57482.2651308612,2016-04-04 06:21:47.306000
93230606,9323,"6,6",57482.2735935822,2016-04-04 06:33:58.486000
93230606,9323,"6,6",57482.2757141036,2016-04-04 06:37:01.699000
93240606,9324,"6,6",57781.38490436,2017-01-28 09:14:15.737000
93240606,9324,"6,6",57781.39260347,2017-01-28 09:25:20.939000
93240606,9324,"6,6",57781.39469196,2017-01-28 09:28:21.385000
93240606,9324,"6,6",57781.40316924,2017-01-28 09:40:33.823000
93240606,9324,"6,6",57781.41165696,2017-01-28 09:52:47.162000
93240606,9324,"6,6",57781.41585182,2017-01-28 09:58:49.597000
93240606,9324,"6,6",57781.4541425,2017-01-28 10:53:57.912000
93240606,9324,"6,6",57717.54091847,2016-11-25 12:58:55.356000
93250606,9325,"6,6",57781.43727863,2017-01-28 10:29:40.873000
93250606,9325,"6,6",57781.43937109,2017-01-28 10:32:41.662000
93250606,9325,"6,6",57781.44146182,2017-01-28 10:35:42.301000
93250606,9325,"6,6",57781.4541425,2017-01-28 10:53:57.912000
93250606,9325,"6,6",57781.45624163,2017-01-28 10:56:59.277000
93250606,9325,"6,6",57781.4667181,2017-01-28 11:12:04.444000
93250606,9325,"6,6",57781.4758364,2017-01-28 11:25:12.265000
93260606,9326,"6,6",57781.4295654,2017-01-28 10:18:34.450000
93260606,9326,"6,6",57781.43937109,2017-01-28 10:32:41.662000
93260606,9326,"6,6",57781.44355661,2017-01-28 10:38:43.291000
93260606,9326,"6,6",57781.46882061,2017-01-28 11:15:06.101000
93260606,9326,"6,6",57834.24508473,2017-03-22 05:52:55.321000
93260606,9326,"6,6",57834.25347742,2017-03-22 06:05:00.449000
93270606,9327,"6,6",57834.24013808,2017-03-22 05:45:47.930000
93270606,9327,"6,6",57834.24717339,2017-03-22 05:55:55.781000
93270606,9327,"6,6",57834.26662012,2017-03-22 06:23:55.978000
93270606,9327,"6,6",57841.23292717,2017-03-29 05:35:24.908000
93270606,9327,"6,6",57841.23781563,2017-03-29 05:42:27.270000
93270606,9327,"6,6",57841.25040877,2017-03-29 06:00:35.318000
93280606,9328,"6,6",57834.34706747,2017-03-22 08:19:46.629000
93280606,9328,"6,6",57841.23292717,2017-03-29 05:35:24.908000
93280606,9328,"6,6",57841.23572373,2017-03-29 05:39:26.530000
93280606,9328,"6,6",57841.23990667,2017-03-29 05:45:27.936000
93280606,9328,"6,6",57841.2419992,2017-03-29 05:48:28.731000
93280606,9328,"6,6",57841.25458692,2017-03-29 06:06:36.310000
93280606,9328,"6,6",57841.26087416,2017-03-29 06:15:39.527000
93290606,9329,"6,6",57841.2629646,2017-03-29 06:18:40.141000
93290606,9329,"6,6",57841.32250365,2017-03-29 07:44:24.315000
93290606,9329,"6,6",57841.33300697,2017-03-29 07:59:31.802000
93290606,9329,"6,6",57841.34979654,2017-03-29 08:23:42.421000
93290606,9329,"6,6",57841.36660602,2017-03-29 08:47:54.760000
93290606,9329,"6,6",57869.33828464,2017-04-26 08:07:07.793000
93300606,9330,"6,6",57841.36448406,2017-03-29 08:44:51.423000
93300606,9330,"6,6",57841.36870457,2017-03-29 08:50:56.075000
93300606,9330,"6,6",57869.33828464,2017-04-26 08:07:07.793000
93300606,9330,"6,6",57869.3403747,2017-04-26 08:10:08.374000
93300606,9330,"6,6",57841.32530354,2017-03-29 07:48:26.226000
93300606,9330,"6,6",57841.33509666,2017-03-29 08:02:32.352000
93300606,9330,"6,6",57841.35188773,2017-03-29 08:26:43.100000
93430606,9343,"6,6",57454.4604196763,2016-03-07 11:03:00.260000
93430606,9343,"6,6",57454.5290790503,2016-03-07 12:41:52.430000
93430606,9343,"6,6",57454.5612850916,2016-03-07 13:28:15.032000
93430606,9343,"6,6",57454.457569187,2016-03-07 10:58:53.978000
93430606,9343,"6,6",57454.5591625413,2016-03-07 13:25:11.644000
93430606,9343,"6,6",57454.4858876783,2016-03-07 11:39:40.695000
93430606,9343,"6,6",57454.5719547486,2016-03-07 13:43:36.890000
93440606,9344,"6,6",57454.5612850916,2016-03-07 13:28:15.032000
93440606,9344,"6,6",57482.2905775965,2016-04-04 06:58:25.904000
93440606,9344,"6,6",57482.2983713783,2016-04-04 07:09:39.287000
93440606,9344,"6,6",57482.313238075,2016-04-04 07:31:03.770000
93440606,9344,"6,6",57482.3238072898,2016-04-04 07:46:16.950000
93440606,9344,"6,6",57482.3259148672,2016-04-04 07:49:19.045000
93450606,9345,"6,6",57106.5187082612,2015-03-25 12:26:56.394000
93450606,9345,"6,6",57159.325271769,2015-05-17 07:48:23.481000
93450606,9345,"6,6",57482.3004869679,2016-04-04 07:12:42.074000
93450606,9345,"6,6",57159.3379914253,2015-05-17 08:06:42.459000
93450606,9345,"6,6",57159.3316358346,2015-05-17 07:57:33.336000
93450606,9345,"6,6",57159.3181959321,2015-05-17 07:38:12.129000
93450606,9345,"6,6",57482.3280265466,2016-04-04 07:52:21.494000
93460606,9346,"6,6",57106.4595541898,2015-03-25 11:01:45.482000
93460606,9346,"6,6",57106.4905312816,2015-03-25 11:46:21.903000
93460606,9346,"6,6",57106.516591466,2015-03-25 12:23:53.503000
93460606,9346,"6,6",57106.5187082612,2015-03-25 12:26:56.394000
93460606,9346,"6,6",57106.5466562333,2015-03-25 13:07:11.099000
93460606,9346,"6,6",57159.3231483246,2015-05-17 07:45:20.015000
93460606,9346,"6,6",57159.3401025189,2015-05-17 08:09:44.858000
93470606,9347,"6,6",57106.4566720952,2015-03-25 10:57:36.469000
93470606,9347,"6,6",57106.4733197885,2015-03-25 11:21:34.830000
93470606,9347,"6,6",57106.4754683808,2015-03-25 11:24:40.468000
93470606,9347,"6,6",57106.4883788763,2015-03-25 11:43:15.935000
93470606,9347,"6,6",57106.5144638098,2015-03-25 12:20:49.673000
93470606,9347,"6,6",57106.516591466,2015-03-25 12:23:53.503000
93470606,9347,"6,6",57106.5445383345,2015-03-25 13:04:08.112000
93480606,9348,"6,6",57106.4508644212,2015-03-25 10:49:14.686000
93480606,9348,"6,6",57106.4537633434,2015-03-25 10:53:25.153000
93480606,9348,"6,6",57106.4754683808,2015-03-25 11:24:40.468000
93480606,9348,"6,6",57106.4776030057,2015-03-25 11:27:44.900000
93480606,9348,"6,6",57106.486194734,2015-03-25 11:40:07.225000
93480606,9348,"6,6",57106.5123487599,2015-03-25 12:17:46.933000
93480606,9348,"6,6",57106.5424238588,2015-03-25 13:01:05.421000
93490606,9349,"6,6",57106.4479886354,2015-03-25 10:45:06.218000
93490606,9349,"6,6",57106.4508644212,2015-03-25 10:49:14.686000
93490606,9349,"6,6",57106.479748325,2015-03-25 11:30:50.255000
93490606,9349,"6,6",57106.484040861,2015-03-25 11:37:01.130000
93490606,9349,"6,6",57106.5101896031,2015-03-25 12:14:40.382000
93490606,9349,"6,6",57106.5402740398,2015-03-25 12:57:59.677000
93490606,9349,"6,6",57106.555266025,2015-03-25 13:19:34.985000
93500606,9350,"6,6",57482.4099581242,2016-04-04 09:50:20.382000
93500606,9350,"6,6",57482.4034755817,2016-04-04 09:41:00.290000
93500606,9350,"6,6",57106.5381527529,2015-03-25 12:54:56.398000
93500606,9350,"6,6",57482.3586374512,2016-04-04 08:36:26.276000
93500606,9350,"6,6",57482.3842671029,2016-04-04 09:13:20.678000
93500606,9350,"6,6",57482.3422455741,2016-04-04 08:12:50.018000
93500606,9350,"6,6",57106.4479886354,2015-03-25 10:45:06.218000
93510606,9351,"6,6",57482.3451030469,2016-04-04 08:16:56.903000
93510606,9351,"6,6",57482.3607655214,2016-04-04 08:39:30.141000
93510606,9351,"6,6",57482.3863885938,2016-04-04 09:16:23.974000
93510606,9351,"6,6",57482.4034755817,2016-04-04 09:41:00.290000
93510606,9351,"6,6",57482.4055981296,2016-04-04 09:44:03.678000
93510606,9351,"6,6",57482.4120749217,2016-04-04 09:53:23.273000
93520606,9352,"6,6",57482.3479559463,2016-04-04 08:21:03.394000
93520606,9352,"6,6",57482.3628867879,2016-04-04 08:42:33.418000
93520606,9352,"6,6",57482.369243274,2016-04-04 08:51:42.619000
93520606,9352,"6,6",57482.3885162123,2016-04-04 09:19:27.801000
93520606,9352,"6,6",57482.4055981296,2016-04-04 09:44:03.678000
93520606,9352,"6,6",57482.4077023799,2016-04-04 09:47:05.486000
93520606,9352,"6,6",57482.4142043237,2016-04-04 09:56:27.254000
93520606,9352,"6,6",57482.4164759116,2016-04-04 09:59:43.519000
93520606,9352,"6,6",57482.5100941984,2016-04-04 12:14:32.139000
93530606,9353,"6,6",57482.4388230806,2016-04-04 10:31:54.314000
93530606,9353,"6,6",57482.4669338232,2016-04-04 11:12:23.082000
93530606,9353,"6,6",57482.4776616115,2016-04-04 11:27:49.963000
93530606,9353,"6,6",57482.5100941984,2016-04-04 12:14:32.139000
93530606,9353,"6,6",57482.5122104227,2016-04-04 12:17:34.981000
93530606,9353,"6,6",57482.5421341923,2016-04-04 13:00:40.394000
93530606,9353,"6,6",57482.5527944393,2016-04-04 13:16:01.440000
93540606,9354,"6,6",57482.5143342535,2016-04-04 12:20:38.479000
93540606,9354,"6,6",57482.5122104227,2016-04-04 12:17:34.981000
93540606,9354,"6,6",57482.5442508957,2016-04-04 13:03:43.277000
93540606,9354,"6,6",57482.4711772944,2016-04-04 11:18:29.718000
93550606,9355,"6,6",57482.5164485895,2016-04-04 12:23:41.158000
93540606,9354,"6,6",57482.4416667572,2016-04-04 10:36:00.008000
93540606,9354,"6,6",57482.4797799285,2016-04-04 11:30:52.986000
93540606,9354,"6,6",57482.4690547939,2016-04-04 11:15:26.334000
93550606,9355,"6,6",57482.5463687391,2016-04-04 13:06:46.259000
93550606,9355,"6,6",57482.4445107765,2016-04-04 10:40:05.731000
93550606,9355,"6,6",57482.4473535381,2016-04-04 10:44:11.346000
93550606,9355,"6,6",57482.4711772944,2016-04-04 11:18:29.718000
93550606,9355,"6,6",57482.4732891642,2016-04-04 11:21:32.184000
93550606,9355,"6,6",57482.4818908386,2016-04-04 11:33:55.368000
93560606,9356,"6,6",57482.4473535381,2016-04-04 10:44:11.346000
93560606,9356,"6,6",57482.4502044064,2016-04-04 10:48:17.661000
93560606,9356,"6,6",57482.475409816,2016-04-04 11:24:35.408000
93560606,9356,"6,6",57482.4840057557,2016-04-04 11:36:58.097000
93560606,9356,"6,6",57482.5185498176,2016-04-04 12:26:42.704000
93560606,9356,"6,6",57482.5484799803,2016-04-04 13:09:48.670000
93560606,9356,"6,6",57482.5612765802,2016-04-04 13:28:14.297000
93570606,9357,"6,6",57841.52800355,2017-03-29 12:40:19.507000
93570606,9357,"6,6",57869.36019602,2017-04-26 08:38:40.936000
93570606,9357,"6,6",57869.40291134,2017-04-26 09:40:11.540000
93570606,9357,"6,6",57482.4502044064,2016-04-04 10:48:17.661000
93570606,9357,"6,6",57482.5505903526,2016-04-04 13:12:51.006000
93660606,9366,"6,6",57545.3327590739,2016-06-06 07:59:10.384000
93660606,9366,"6,6",57545.3463651831,2016-06-06 08:18:45.952000
93660606,9366,"6,6",57545.3505953811,2016-06-06 08:24:51.441000
93660606,9366,"6,6",57545.3655013512,2016-06-06 08:46:19.317000
93660606,9366,"6,6",57545.3676200667,2016-06-06 08:49:22.374000
93660606,9366,"6,6",57545.3804052314,2016-06-06 09:07:47.012000
93660606,9366,"6,6",57545.3846622664,2016-06-06 09:13:54.820000
93670606,9367,"6,6",57454.6260771514,2016-03-07 15:01:33.066000
93670606,9367,"6,6",57545.3355959621,2016-06-06 08:03:15.491000
93670606,9367,"6,6",57545.3484829548,2016-06-06 08:21:48.927000
93670606,9367,"6,6",57545.3527271245,2016-06-06 08:27:55.624000
93670606,9367,"6,6",57545.3676200667,2016-06-06 08:49:22.374000
93670606,9367,"6,6",57545.3825354455,2016-06-06 09:10:51.062000
93670606,9367,"6,6",57545.3867759476,2016-06-06 09:16:57.442000
93680606,9368,"6,6",57454.6061443421,2016-03-07 14:32:50.871000
93680606,9368,"6,6",57454.6104301861,2016-03-07 14:39:01.168000
93680606,9368,"6,6",57454.6260771514,2016-03-07 15:01:33.066000
93680606,9368,"6,6",57454.6281953864,2016-03-07 15:04:36.081000
93680606,9368,"6,6",57454.6410700474,2016-03-07 15:23:08.452000
93680606,9368,"6,6",57454.5931579317,2016-03-07 14:14:08.845000
93680606,9368,"6,6",57454.6040137187,2016-03-07 14:29:46.785000
93690606,9369,"6,6",57217.2732129344,2015-07-14 06:33:25.598000
93690606,9369,"6,6",57454.5960263559,2016-03-07 14:18:16.677000
93690606,9369,"6,6",57454.6061443421,2016-03-07 14:32:50.871000
93690606,9369,"6,6",57454.6082700472,2016-03-07 14:35:54.532000
93690606,9369,"6,6",57454.6125485133,2016-03-07 14:42:04.192000
93690606,9369,"6,6",57454.6432460053,2016-03-07 15:26:16.455000
93700606,9370,"6,6",57217.2647800259,2015-07-14 06:21:16.994000
93700606,9370,"6,6",57217.2668939964,2015-07-14 06:24:19.641000
93700606,9370,"6,6",57217.2795510883,2015-07-14 06:42:33.214000
93700606,9370,"6,6",57106.5618491266,2015-03-25 13:29:03.765000
93700606,9370,"6,6",57106.5914208032,2015-03-25 14:11:38.757000
93700606,9370,"6,6",57217.2598417872,2015-07-14 06:14:10.330000
93710606,9371,"6,6",57106.5618491266,2015-03-25 13:29:03.765000
93710606,9371,"6,6",57106.5647680429,2015-03-25 13:33:15.959000
93710606,9371,"6,6",57106.5784797226,2015-03-25 13:53:00.648000
93710606,9371,"6,6",57106.5935459877,2015-03-25 14:14:42.373000
93710606,9371,"6,6",57106.6042462699,2015-03-25 14:30:06.878000
93710606,9371,"6,6",57106.6149300481,2015-03-25 14:45:29.956000
93710606,9371,"6,6",57159.3640969004,2015-05-17 08:44:17.972000
93720606,9372,"6,6",57106.5676676291,2015-03-25 13:37:26.483000
93720606,9372,"6,6",57106.5956900744,2015-03-25 14:17:47.622000
93720606,9372,"6,6",57106.6063708472,2015-03-25 14:33:10.441000
93720606,9372,"6,6",57106.6085446114,2015-03-25 14:36:18.254000
93720606,9372,"6,6",57106.6128150341,2015-03-25 14:42:27.219000
93720606,9372,"6,6",57159.3662065491,2015-05-17 08:47:20.246000
93730606,9373,"6,6",57106.6085446114,2015-03-25 14:36:18.254000
93730606,9373,"6,6",57106.6106623467,2015-03-25 14:39:21.227000
93730606,9373,"6,6",57106.6178162913,2015-03-25 14:49:39.328000
93730606,9373,"6,6",57106.6199821355,2015-03-25 14:52:46.457000
93730606,9373,"6,6",57106.6221393705,2015-03-25 14:55:52.842000
93730606,9373,"6,6",57106.624308242,2015-03-25 14:59:00.232000
93730606,9373,"6,6",57106.6409866274,2015-03-25 15:23:01.245000
93730606,9373,"6,6",57159.3683127696,2015-05-17 08:50:22.223000
93740606,9374,"6,6",57106.6337440754,2015-03-25 15:12:35.488000
93740606,9374,"6,6",57106.636618881,2015-03-25 15:16:43.871000
93740606,9374,"6,6",57106.638801483,2015-03-25 15:19:52.448000
93740606,9374,"6,6",57106.6409866274,2015-03-25 15:23:01.245000
93740606,9374,"6,6",57106.6431524577,2015-03-25 15:26:08.372000
93740606,9374,"6,6",57159.3704355592,2015-05-17 08:53:25.632000
93740606,9374,"6,6",57159.4386527753,2015-05-17 10:31:39.600000
93750606,9375,"6,6",57159.3588519501,2015-05-17 08:36:44.808000
93750606,9375,"6,6",57159.4195014425,2015-05-17 10:04:04.925000
93750606,9375,"6,6",57159.4216161864,2015-05-17 10:07:07.638000
93750606,9375,"6,6",57159.4386527753,2015-05-17 10:31:39.600000
93750606,9375,"6,6",57159.4621483623,2015-05-17 11:05:29.618000
93750606,9375,"6,6",57159.4685041872,2015-05-17 11:14:38.762000
93750606,9375,"6,6",57159.4854739076,2015-05-17 11:39:04.946000
93760606,9376,"6,6",57159.4727427531,2015-05-17 11:20:44.974000
93760606,9376,"6,6",57159.4748619921,2015-05-17 11:23:48.076000
93760606,9376,"6,6",57159.483357016,2015-05-17 11:36:02.046000
93760606,9376,"6,6",57159.414528959,2015-05-17 09:56:55.302000
93760606,9376,"6,6",57159.4621483623,2015-05-17 11:05:29.618000
93760606,9376,"6,6",57159.464254539,2015-05-17 11:08:31.592000
93770606,9377,"6,6",57159.411693715,2015-05-17 09:52:50.337000
93770606,9377,"6,6",57159.4769744165,2015-05-17 11:26:50.590000
93770606,9377,"6,6",57159.502428514,2015-05-17 12:03:29.824000
93770606,9377,"6,6",57482.5729999021,2016-04-04 13:45:07.192000
93770606,9377,"6,6",57482.5836619176,2016-04-04 14:00:28.390000
93770606,9377,"6,6",57482.6007632371,2016-04-04 14:25:05.944000
93780606,9378,"6,6",57482.5729999021,2016-04-04 13:45:07.192000
93780606,9378,"6,6",57482.5758467796,2016-04-04 13:49:13.162000
93780606,9378,"6,6",57482.5857697316,2016-04-04 14:03:30.505000
93780606,9378,"6,6",57482.5879003238,2016-04-04 14:06:34.588000
93780606,9378,"6,6",57482.6029060944,2016-04-04 14:28:11.087000
93780606,9378,"6,6",57482.6134816771,2016-04-04 14:43:24.817000
93790606,9379,"6,6",57482.6155961859,2016-04-04 14:46:27.510000
93780606,9378,"6,6",57482.6198299024,2016-04-04 14:52:33.304000
93780606,9378,"6,6",57482.6240654718,2016-04-04 14:58:39.257000
94490606,9449,"6,6",57247.3481358998,2015-08-13 08:21:18.942000
94490606,9449,"6,6",57247.3622865081,2015-08-13 08:41:41.554000
94500606,9450,"6,6",57217.4249497987,2015-07-14 10:11:55.663000
94500606,9450,"6,6",57217.4903221847,2015-07-14 11:46:03.837000
94500606,9450,"6,6",57247.3481358998,2015-08-13 08:21:18.942000
94500606,9450,"6,6",57247.3559337687,2015-08-13 08:32:32.678000
94500606,9450,"6,6",57247.3686291357,2015-08-13 08:50:49.557000
94500606,9450,"6,6",57247.3707326823,2015-08-13 08:53:51.304000
94500606,9450,"6,6",57247.3855759525,2015-08-13 09:15:13.762000
94510606,9451,"6,6",57217.4249497987,2015-07-14 10:11:55.663000
94510606,9451,"6,6",57217.4583190912,2015-07-14 10:59:58.769000
94510606,9451,"6,6",57217.5159383286,2015-07-14 12:22:57.072000
94510606,9451,"6,6",56918.2314715292,2014-09-18 05:33:19.140000
94510606,9451,"6,6",56918.2609773148,2014-09-18 06:15:48.440000
94510606,9451,"6,6",56918.2803043989,2014-09-18 06:43:38.300000
94520606,9452,"6,6",56918.2343130535,2014-09-18 05:37:24.648000
94520606,9452,"6,6",56918.2480684812,2014-09-18 05:57:13.117000
94520606,9452,"6,6",56918.2501925225,2014-09-18 06:00:16.634000
94520606,9452,"6,6",56918.2631710847,2014-09-18 06:18:57.982000
94520606,9452,"6,6",56918.2738872026,2014-09-18 06:34:23.854000
94520606,9452,"6,6",56918.2760458347,2014-09-18 06:37:30.360000
94520606,9452,"6,6",56918.2824565936,2014-09-18 06:46:44.250000
94530606,9453,"6,6",57217.4925320055,2015-07-14 11:49:14.765000
94530606,9453,"6,6",56918.2372290818,2014-09-18 05:41:36.593000
94530606,9453,"6,6",56918.2523482698,2014-09-18 06:03:22.891000
94530606,9453,"6,6",56918.2652855315,2014-09-18 06:22:00.670000
94530606,9453,"6,6",56918.2781763645,2014-09-18 06:40:34.438000
94530606,9453,"6,6",56918.2845951868,2014-09-18 06:49:49.024000
94540606,9454,"6,6",57217.4278126196,2015-07-14 10:16:03.010000
94540606,9454,"6,6",57217.460567283,2015-07-14 11:03:13.013000
94540606,9454,"6,6",57217.4925320055,2015-07-14 11:49:14.765000
94540606,9454,"6,6",57217.4946573116,2015-07-14 11:52:18.392000
94540606,9454,"6,6",57217.5182121056,2015-07-14 12:26:13.526000
94540606,9454,"6,6",57217.5331957093,2015-07-14 12:47:48.109000
94550606,9455,"6,6",57217.4306507707,2015-07-14 10:20:08.227000
94550606,9455,"6,6",57217.4626860698,2015-07-14 11:06:16.076000
94550606,9455,"6,6",57217.4946573116,2015-07-14 11:52:18.392000
94550606,9455,"6,6",57217.4967799541,2015-07-14 11:55:21.788000
94550606,9455,"6,6",57217.5204935097,2015-07-14 12:29:30.639000
94550606,9455,"6,6",57217.5310838935,2015-07-14 12:44:45.648000
94560606,9456,"6,6",57217.4647955876,2015-07-14 11:09:18.339000
94560606,9456,"6,6",57217.4669031263,2015-07-14 11:12:20.430000
94560606,9456,"6,6",57217.4988881354,2015-07-14 11:58:23.935000
94560606,9456,"6,6",57217.5226163594,2015-07-14 12:32:34.053000
94560606,9456,"6,6",57217.5268446766,2015-07-14 12:38:39.380000
94570606,9457,"6,6",57217.469016945,2015-07-14 11:15:23.064000
94570606,9457,"6,6",57217.473247204,2015-07-14 11:21:28.558000
94570606,9457,"6,6",57217.5247323085,2015-07-14 12:35:36.871000
94570606,9457,"6,6",57247.3882481297,2015-08-13 09:19:04.638000
94570606,9457,"6,6",57247.4739734815,2015-08-13 11:22:31.309000
94580606,9458,"6,6",57247.3791033179,2015-08-13 09:05:54.527000
94570606,9457,"6,6",57309.2275966424,2015-10-14 05:27:44.350000
94580606,9458,"6,6",57247.3882481297,2015-08-13 09:19:04.638000
94580606,9458,"6,6",57247.433293948,2015-08-13 10:23:56.597000
94580606,9458,"6,6",57247.4632689701,2015-08-13 11:07:06.439000
94580606,9458,"6,6",57247.4867959139,2015-08-13 11:40:59.167000
94580606,9458,"6,6",57309.2127672238,2015-10-14 05:06:23.088000
94580606,9458,"6,6",57309.2254879563,2015-10-14 05:24:42.159000
94590606,9459,"6,6",57247.3911083085,2015-08-13 09:23:11.758000
94590606,9459,"6,6",57247.4653789401,2015-08-13 11:10:08.740000
94590606,9459,"6,6",57247.4674885347,2015-08-13 11:13:11.009000
94590606,9459,"6,6",57247.4889152371,2015-08-13 11:44:02.276000
94590606,9459,"6,6",57309.2212515781,2015-10-14 05:18:36.136000
94590606,9459,"6,6",57309.2233764306,2015-10-14 05:21:39.724000
94590606,9459,"6,6",57309.2319621975,2015-10-14 05:34:01.534000
94600606,9460,"6,6",57247.4212130015,2015-08-13 10:06:32.803000
94600606,9460,"6,6",57247.4311734177,2015-08-13 10:20:53.383000
94600606,9460,"6,6",57247.4696139279,2015-08-13 11:16:14.643000
94600606,9460,"6,6",57247.4910336509,2015-08-13 11:47:05.307000
94600606,9460,"6,6",57309.2298323051,2015-10-14 05:30:57.511000
94600606,9460,"6,6",57309.2340776622,2015-10-14 05:37:04.310000
94600606,9460,"6,6",57309.2524716668,2015-10-14 06:03:33.552000
94610606,9461,"6,6",57576.50008371,2016-07-07 12:00:07.233000
94620606,9462,"6,6",57576.47605121,2016-07-07 11:25:30.824000
94620606,9462,"6,6",57576.48951278,2016-07-07 11:44:53.904000
94620606,9462,"6,6",57576.50008371,2016-07-07 12:00:07.233000
94620606,9462,"6,6",57576.51063275,2016-07-07 12:15:18.669000
94620606,9462,"6,6",57576.51275273,2016-07-07 12:18:21.836000
94620606,9462,"6,6",57576.58249295,2016-07-07 13:58:47.391000
94610606,9461,"6,6",57309.2432831265,2015-10-14 05:50:19.662000
94610606,9461,"6,6",57309.2524716668,2015-10-14 06:03:33.552000
94610606,9461,"6,6",57309.2567028566,2015-10-14 06:09:39.127000
94610606,9461,"6,6",57309.2588094152,2015-10-14 06:12:41.133000
94610606,9461,"6,6",57309.2609288078,2015-10-14 06:15:44.249000
94630606,9463,"6,6",57576.51487082,2016-07-07 12:21:24.839000
94630606,9463,"6,6",57576.56832866,2016-07-07 13:38:23.596000
94630606,9463,"6,6",57576.57613205,2016-07-07 13:49:37.809000
94630606,9463,"6,6",57576.58888805,2016-07-07 14:07:59.928000
94630606,9463,"6,6",57576.59100302,2016-07-07 14:11:02.661000
94630606,9463,"6,6",57576.60049884,2016-07-07 14:24:43.100000
94640606,9464,"6,6",57576.59626796,2016-07-07 14:18:37.552000
94640606,9464,"6,6",57576.59837438,2016-07-07 14:21:39.547000
94640606,9464,"6,6",57576.60260526,2016-07-07 14:27:45.095000
94640606,9464,"6,6",57576.61180787,2016-07-07 14:41:00.200000
94640606,9464,"6,6",57628.3846251,2016-08-28 09:13:51.609000
94640606,9464,"6,6",57628.40381954,2016-08-28 09:41:30.008000
94650606,9465,"6,6",57628.3846251,2016-08-28 09:13:51.609000
94650606,9465,"6,6",57628.39531327,2016-08-28 09:29:15.066000
94660606,9466,"6,6",57637.37405836,2016-09-06 08:58:38.643000
94650606,9465,"6,6",57628.41251111,2016-08-28 09:54:00.960000
94660606,9466,"6,6",57637.37906303,2016-09-06 09:05:51.046000
94650606,9465,"6,6",57628.41464973,2016-08-28 09:57:05.736000
94660606,9466,"6,6",57637.3869169,2016-09-06 09:17:09.620000
94660606,9466,"6,6",57637.39336959,2016-09-06 09:26:27.132000
94650606,9465,"6,6",57629.40365482,2016-08-29 09:41:15.777000
94650606,9465,"6,6",57637.3669509,2016-09-06 08:48:24.558000
94660606,9466,"6,6",57637.39977524,2016-09-06 09:35:40.581000
94660606,9466,"6,6",57629.39729872,2016-08-29 09:32:06.609000
94660606,9466,"6,6",57629.41003504,2016-08-29 09:50:27.028000
94670606,9467,"6,6",58020.33921064,2017-09-24 08:08:27.799000
94670606,9467,"6,6",57637.40191454,2016-09-06 09:38:45.416000
94670606,9467,"6,6",57930.58362826,2017-06-26 14:00:25.482000
94670606,9467,"6,6",57983.39631933,2017-08-18 09:30:41.990000
94670606,9467,"6,6",57992.60448735,2017-08-27 14:30:27.707000
94670606,9467,"6,6",58020.30777426,2017-09-24 07:23:11.696000
94670606,9467,"6,6",58020.30986401,2017-09-24 07:26:12.250000
94680606,9468,"6,6",57930.5864716,2017-06-26 14:04:31.146000
94680606,9468,"6,6",57983.39841571,2017-08-18 09:33:43.118000
94680606,9468,"6,6",57992.60658448,2017-08-27 14:33:28.899000
94680606,9468,"6,6",58020.30986401,2017-09-24 07:26:12.250000
94680606,9468,"6,6",58020.31195456,2017-09-24 07:29:12.874000
94680606,9468,"6,6",58020.34130142,2017-09-24 08:11:28.443000
94680606,9468,"6,6",58020.34966201,2017-09-24 08:23:30.797000
94690606,9469,"6,6",57983.37188066,2017-08-18 08:55:30.489000
94690606,9469,"6,6",57983.37467536,2017-08-18 08:59:31.951000
94690606,9469,"6,6",57983.38862179,2017-08-18 09:19:36.923000
94690606,9469,"6,6",57983.40888063,2017-08-18 09:48:47.286000
94690606,9469,"6,6",57983.41097919,2017-08-18 09:51:48.602000
94690606,9469,"6,6",57992.61706951,2017-08-27 14:48:34.805000
94690606,9469,"6,6",57992.61916221,2017-08-27 14:51:35.615000
94690606,9469,"6,6",58020.32240605,2017-09-24 07:44:15.883000
94690606,9469,"6,6",58020.36434281,2017-09-24 08:44:39.219000
94700606,9470,"6,6",57983.39141272,2017-08-18 09:23:38.059000
94700606,9470,"6,6",57983.41097919,2017-08-18 09:51:48.602000
94700606,9470,"6,6",57983.41308453,2017-08-18 09:54:50.503000
94700606,9470,"6,6",57992.61916221,2017-08-27 14:51:35.615000
94700606,9470,"6,6",57992.62126572,2017-08-27 14:54:37.358000
94700606,9470,"6,6",58020.32450033,2017-09-24 07:47:16.829000
94700606,9470,"6,6",58020.3370385,2017-09-24 08:05:20.126000
94700606,9470,"6,6",58020.36643066,2017-09-24 08:47:39.609000
94700606,9470,"6,6",57983.37746291,2017-08-18 09:03:32.795000
94710606,9471,"6,6",57983.38025365,2017-08-18 09:07:33.915000
94710606,9471,"6,6",57992.62336871,2017-08-27 14:57:39.057000
94710606,9471,"6,6",58020.32658893,2017-09-24 07:50:17.284000
94710606,9471,"6,6",57983.41519186,2017-08-18 09:57:52.576000
94710606,9471,"6,6",58020.36851989,2017-09-24 08:50:40.118000
94720606,9472,"6,6",58020.38529313,2017-09-24 09:14:49.326000
94800606,9480,"6,6",57309.2967238347,2015-10-14 07:07:16.939000
94800606,9480,"6,6",57309.3530827928,2015-10-14 08:28:26.353000
94800606,9480,"6,6",57309.363709182,2015-10-14 08:43:44.473000
94800606,9480,"6,6",57309.3958831029,2015-10-14 09:30:04.300000
94810606,9481,"6,6",57309.2823963733,2015-10-14 06:46:39.047000
94810606,9481,"6,6",57309.3551949314,2015-10-14 08:31:28.842000
94810606,9481,"6,6",57309.2995794024,2015-10-14 07:11:23.660000
94810606,9481,"6,6",57309.3958831029,2015-10-14 09:30:04.300000
94810606,9481,"6,6",57309.3658291362,2015-10-14 08:46:47.637000
94810606,9481,"6,6",57309.320975502,2015-10-14 07:42:12.283000
94810606,9481,"6,6",57309.3980122697,2015-10-14 09:33:08.260000
94820606,9482,"6,6",57309.2852375046,2015-10-14 06:50:44.520000
94820606,9482,"6,6",57309.28809141,2015-10-14 06:54:51.098000
94820606,9482,"6,6",57309.3024783442,2015-10-14 07:15:34.129000
94820606,9482,"6,6",57309.3230970446,2015-10-14 07:45:15.585000
94820606,9482,"6,6",57309.3573153531,2015-10-14 08:34:32.046000
94820606,9482,"6,6",57309.4001204837,2015-10-14 09:36:10.410000
94820606,9482,"6,6",57309.3679410876,2015-10-14 08:49:50.110000
94830606,9483,"6,6",57309.28809141,2015-10-14 06:54:51.098000
94830606,9483,"6,6",57309.2909828154,2015-10-14 06:59:00.915000
94830606,9483,"6,6",57309.3053577892,2015-10-14 07:19:42.913000
94830606,9483,"6,6",57309.3252302585,2015-10-14 07:48:19.894000
94830606,9483,"6,6",57309.3273530332,2015-10-14 07:51:23.302000
94830606,9483,"6,6",57309.3594319816,2015-10-14 08:37:34.923000
94830606,9483,"6,6",57309.4022441986,2015-10-14 09:39:13.899000
94840606,9484,"6,6",57309.2938593808,2015-10-14 07:03:09.451000
94840606,9484,"6,6",57309.308196025,2015-10-14 07:23:48.137000
94840606,9484,"6,6",57309.3273530332,2015-10-14 07:51:23.302000
94840606,9484,"6,6",57309.3294837084,2015-10-14 07:54:27.392000
94840606,9484,"6,6",57309.3615408265,2015-10-14 08:40:37.127000
94840606,9484,"6,6",57309.4043551697,2015-10-14 09:42:16.287000
95570606,9557,"6,6",56986.5530351065,2014-11-25 13:16:22.233000
95570606,9557,"6,6",56986.6459548837,2014-11-25 15:30:10.502000
95570606,9557,"6,6",56986.5358379953,2014-11-25 12:51:36.403000
95570606,9557,"6,6",57398.3772483603,2016-01-11 09:03:14.258000
95570606,9557,"6,6",56986.5508637163,2014-11-25 13:13:14.625000
95570606,9557,"6,6",56986.5746961073,2014-11-25 13:47:33.744000
95570606,9557,"6,6",57398.3602549927,2016-01-11 08:38:46.031000
95580606,9558,"6,6",56986.5206309911,2014-11-25 12:29:42.518000
95580606,9558,"6,6",56986.5380398617,2014-11-25 12:54:46.644000
95580606,9558,"6,6",56986.5530351065,2014-11-25 13:16:22.233000
95580606,9558,"6,6",56986.5551876905,2014-11-25 13:19:28.216000
95580606,9558,"6,6",56986.5768802869,2014-11-25 13:50:42.457000
95580606,9558,"6,6",56986.5811934005,2014-11-25 13:56:55.110000
95580606,9558,"6,6",56986.5833059638,2014-11-25 13:59:57.635000
95590606,9559,"6,6",56986.5401886576,2014-11-25 12:57:52.300000
95590606,9559,"6,6",56986.5681837564,2014-11-25 13:38:11.077000
95590606,9559,"6,6",56986.5790290753,2014-11-25 13:53:48.112000
95590606,9559,"6,6",56986.5833059638,2014-11-25 13:59:57.635000
95590606,9559,"6,6",56986.5920522045,2014-11-25 14:12:33.310000
95590606,9559,"6,6",56986.6027937252,2014-11-25 14:28:01.378000
95590606,9559,"6,6",56986.6200417252,2014-11-25 14:52:51.605000
95590606,9559,"6,6",56986.6372479354,2014-11-25 15:17:38.222000
95600606,9560,"6,6",56986.5920522045,2014-11-25 14:12:33.310000
95600606,9560,"6,6",56986.5948846661,2014-11-25 14:16:38.035000
95600606,9560,"6,6",56986.6049064514,2014-11-25 14:31:03.917000
95600606,9560,"6,6",56986.6070563965,2014-11-25 14:34:09.673000
95600606,9560,"6,6",56986.6221976299,2014-11-25 14:55:57.875000
95600606,9560,"6,6",56986.6329164305,2014-11-25 15:11:23.980000
95600606,9560,"6,6",56986.6394077693,2014-11-25 15:20:44.831000
95610606,9561,"6,6",56986.5948846661,2014-11-25 14:16:38.035000
95610606,9561,"6,6",56986.6091710958,2014-11-25 14:37:12.383000
95610606,9561,"6,6",56986.6350952946,2014-11-25 15:14:32.233000
95610606,9561,"6,6",57106.3847979288,2015-03-25 09:14:06.541000
95610606,9561,"6,6",57106.3928020089,2015-03-25 09:25:38.094000
95610606,9561,"6,6",57106.3992188009,2015-03-25 09:34:52.504000
95610606,9561,"6,6",57106.4120164607,2015-03-25 09:53:18.222000
95610606,9561,"6,6",57106.4270539451,2015-03-25 10:14:57.461000
95620606,9562,"6,6",57106.3819473307,2015-03-25 09:10:00.249000
95620606,9562,"6,6",57106.3949278053,2015-03-25 09:28:41.762000
95620606,9562,"6,6",57106.3970345664,2015-03-25 09:31:43.787000
95620606,9562,"6,6",57106.3992188009,2015-03-25 09:34:52.504000
95620606,9562,"6,6",57106.4098781608,2015-03-25 09:50:13.473000
95620606,9562,"6,6",57106.4227324896,2015-03-25 10:08:44.087000
95620606,9562,"6,6",57106.4292047881,2015-03-25 10:18:03.294000
95630606,9563,"6,6",57340.6207667012,2015-11-14 14:53:54.243000
95630606,9563,"6,6",57340.6228772607,2015-11-14 14:56:56.595000
95630606,9563,"6,6",57340.6355848168,2015-11-14 15:15:14.528000
95630606,9563,"6,6",57340.6398088438,2015-11-14 15:21:19.484000
95630606,9563,"6,6",57340.5835234988,2015-11-14 14:00:16.430000
95630606,9563,"6,6",57340.5970352083,2015-11-14 14:19:43.842000
95630606,9563,"6,6",57340.6034341743,2015-11-14 14:28:56.713000
95640606,9564,"6,6",57340.5863667084,2015-11-14 14:04:22.084000
95640606,9564,"6,6",57340.5991651597,2015-11-14 14:22:47.870000
95640606,9564,"6,6",57340.6055880273,2015-11-14 14:32:02.806000
95640606,9564,"6,6",57340.6228772607,2015-11-14 14:56:56.595000
95640606,9564,"6,6",57340.6377048013,2015-11-14 15:18:17.695000
95640606,9564,"6,6",57340.6419334873,2015-11-14 15:24:23.053000
95640606,9564,"6,6",57482.2672483432,2016-04-04 06:24:50.257000
95650606,9565,"6,6",57781.40526207,2017-01-28 09:43:34.643000
95650606,9565,"6,6",57340.6440540338,2015-11-14 15:27:26.269000
95650606,9565,"6,6",57482.246051766,2016-04-04 05:54:18.873000
95650606,9565,"6,6",57482.2566471784,2016-04-04 06:09:34.316000
95650606,9565,"6,6",57482.2672483432,2016-04-04 06:24:50.257000
95650606,9565,"6,6",57482.2778274072,2016-04-04 06:40:04.288000
95650606,9565,"6,6",57717.54309684,2016-11-25 13:02:03.567000
95660606,9566,"6,6",57781.38769846,2017-01-28 09:18:17.147000
95660606,9566,"6,6",57781.39050754,2017-01-28 09:22:19.851000
95660606,9566,"6,6",57781.39678082,2017-01-28 09:31:21.863000
95660606,9566,"6,6",57781.40737364,2017-01-28 09:46:37.083000
95660606,9566,"6,6",57781.41374856,2017-01-28 09:55:47.876000
95660606,9566,"6,6",57482.2545284643,2016-04-04 06:06:31.259000
95660606,9566,"6,6",57717.53650248,2016-11-25 12:52:33.815000
95670606,9567,"6,6",57781.39050754,2017-01-28 09:22:19.851000
95670606,9567,"6,6",57781.39469196,2017-01-28 09:28:21.385000
95670606,9567,"6,6",57781.39894983,2017-01-28 09:34:29.266000
95670606,9567,"6,6",57781.41585182,2017-01-28 09:58:49.597000
95670606,9567,"6,6",57781.43237381,2017-01-28 10:22:37.097000
95670606,9567,"6,6",57781.45834133,2017-01-28 11:00:00.691000
95680606,9568,"6,6",57781.43237381,2017-01-28 10:22:37.097000
95680606,9568,"6,6",57781.43517365,2017-01-28 10:26:39.004000
95680606,9568,"6,6",57781.44146182,2017-01-28 10:35:42.301000
95680606,9568,"6,6",57781.4456655,2017-01-28 10:41:45.499000
95680606,9568,"6,6",57781.44775913,2017-01-28 10:44:46.389000
95680606,9568,"6,6",57781.46042877,2017-01-28 11:03:01.046000
95680606,9568,"6,6",57781.47093938,2017-01-28 11:18:09.163000
95680606,9568,"6,6",57781.477924,2017-01-28 11:28:12.634000
95690606,9569,"6,6",57781.44355661,2017-01-28 10:38:43.291000
95690606,9569,"6,6",57781.44775913,2017-01-28 10:44:46.389000
95690606,9569,"6,6",57834.24296761,2017-03-22 05:49:52.402000
95690606,9569,"6,6",57834.2492689,2017-03-22 05:58:56.833000
95690606,9569,"6,6",57834.2556338,2017-03-22 06:08:06.760000
95690606,9569,"6,6",57834.26873229,2017-03-22 06:26:58.470000
95700606,9570,"6,6",57834.33229251,2017-03-22 07:58:30.073000
95700606,9570,"6,6",57834.34495379,2017-03-22 08:16:44.007000
95700606,9570,"6,6",57834.34920014,2017-03-22 08:22:50.892000
95700606,9570,"6,6",57755.63149441,2017-01-02 15:09:21.117000
95700606,9570,"6,6",57834.24717339,2017-03-22 05:55:55.781000
95700606,9570,"6,6",57834.31540425,2017-03-22 07:34:10.928000
95700606,9570,"6,6",57834.33018842,2017-03-22 07:55:28.279000
95710606,9571,"6,6",57834.31749886,2017-03-22 07:37:11.901000
95710606,9571,"6,6",57834.33229251,2017-03-22 07:58:30.073000
95710606,9571,"6,6",57834.34706747,2017-03-22 08:19:46.629000
95710606,9571,"6,6",57834.35129242,2017-03-22 08:25:51.665000
95710606,9571,"6,6",57841.2419992,2017-03-29 05:48:28.731000
95710606,9571,"6,6",57841.35402674,2017-03-29 08:29:47.910000
95710606,9571,"6,6",57755.63429383,2017-01-02 15:13:22.987000
95720606,9572,"6,6",57834.35340645,2017-03-22 08:28:54.317000
95720606,9572,"6,6",57841.34141035,2017-03-29 08:11:37.855000
95720606,9572,"6,6",57841.36660602,2017-03-29 08:47:54.760000
95720606,9572,"6,6",57841.32812439,2017-03-29 07:52:29.947000
95720606,9572,"6,6",57841.35612072,2017-03-29 08:32:48.830000
95720606,9572,"6,6",57841.35402674,2017-03-29 08:29:47.910000
95730606,9573,"6,6",57841.33091608,2017-03-29 07:56:31.149000
95730606,9573,"6,6",57841.33927759,2017-03-29 08:08:33.584000
95730606,9573,"6,6",57841.34349797,2017-03-29 08:14:38.225000
95730606,9573,"6,6",57841.36870457,2017-03-29 08:50:56.075000
95860606,9586,"6,6",57454.4751030873,2016-03-07 11:24:08.907000
95860606,9586,"6,6",57454.5073718694,2016-03-07 12:10:36.930000
95860606,9586,"6,6",57454.5398468003,2016-03-07 12:57:22.764000
95860606,9586,"6,6",57454.5719547486,2016-03-07 13:43:36.890000
95860606,9586,"6,6",57482.3153612916,2016-04-04 07:34:07.216000
95870606,9587,"6,6",57482.2934206272,2016-04-04 07:02:31.542000
95870606,9587,"6,6",57482.3047222761,2016-04-04 07:18:48.005000
95870606,9587,"6,6",57482.3174698921,2016-04-04 07:37:09.399000
95870606,9587,"6,6",57482.3259148672,2016-04-04 07:49:19.045000
95880606,9588,"6,6",57482.2962655439,2016-04-04 07:06:37.343000
95880606,9588,"6,6",57482.3068377259,2016-04-04 07:21:50.780000
95880606,9588,"6,6",57482.3280265466,2016-04-04 07:52:21.494000
95880606,9588,"6,6",57159.3210304519,2015-05-17 07:42:17.031000
95880606,9588,"6,6",57159.325271769,2015-05-17 07:48:23.481000
95880606,9588,"6,6",57159.3337518233,2015-05-17 08:00:36.158000
95890606,9589,"6,6",57106.4624621053,2015-03-25 11:05:56.726000
95890606,9589,"6,6",57106.4905312816,2015-03-25 11:46:21.903000
95890606,9589,"6,6",57106.4926481713,2015-03-25 11:49:24.802000
95890606,9589,"6,6",57106.520857628,2015-03-25 12:30:02.099000
95890606,9589,"6,6",57159.3210304519,2015-05-17 07:42:17.031000
95890606,9589,"6,6",57159.3273870144,2015-05-17 07:51:26.238000
95890606,9589,"6,6",57159.3401025189,2015-05-17 08:09:44.858000
95900606,9590,"6,6",57106.4883788763,2015-03-25 11:43:15.935000
95900606,9590,"6,6",57106.5229743319,2015-03-25 12:33:04.982000
95910606,9591,"6,6",57106.4947763355,2015-03-25 11:52:28.675000
95900606,9590,"6,6",57106.4947763355,2015-03-25 11:52:28.675000
95910606,9591,"6,6",57106.486194734,2015-03-25 11:40:07.225000
95900606,9590,"6,6",57106.4653898184,2015-03-25 11:10:09.680000
95900606,9590,"6,6",57106.5488162017,2015-03-25 13:10:17.720000
95900606,9590,"6,6",57106.4926481713,2015-03-25 11:49:24.802000
95910606,9591,"6,6",57106.4969264762,2015-03-25 11:55:34.448000
95910606,9591,"6,6",57106.5250910218,2015-03-25 12:36:07.864000
95910606,9591,"6,6",57106.5531168794,2015-03-25 13:16:29.298000
95910606,9591,"6,6",57106.4683054094,2015-03-25 11:14:21.587000
95920606,9592,"6,6",57106.4711715109,2015-03-25 11:18:29.219000
95920606,9592,"6,6",57106.484040861,2015-03-25 11:37:01.130000
95920606,9592,"6,6",57106.4990561325,2015-03-25 11:58:38.450000
95920606,9592,"6,6",57106.5272355061,2015-03-25 12:39:13.148000
95920606,9592,"6,6",57106.555266025,2015-03-25 13:19:34.985000
95920606,9592,"6,6",57482.3907689261,2016-04-04 09:22:42.435000
95930606,9593,"6,6",57482.3508035876,2016-04-04 08:25:09.430000
95930606,9593,"6,6",57482.3713640459,2016-04-04 08:54:45.854000
95930606,9593,"6,6",57482.3907689261,2016-04-04 09:22:42.435000
95930606,9593,"6,6",57482.3928815718,2016-04-04 09:25:44.968000
95930606,9593,"6,6",57482.4099581242,2016-04-04 09:50:20.382000
95940606,9594,"6,6",57482.3949993383,2016-04-04 09:28:47.943000
95940606,9594,"6,6",57482.4120749217,2016-04-04 09:53:23.273000
95940606,9594,"6,6",57482.3536438448,2016-04-04 08:29:14.828000
95940606,9594,"6,6",57482.3734819996,2016-04-04 08:57:48.845000
95950606,9595,"6,6",57482.3564818185,2016-04-04 08:33:20.029000
95950606,9595,"6,6",57482.369243274,2016-04-04 08:51:42.619000
95950606,9595,"6,6",57482.3755882578,2016-04-04 09:00:50.825000
95950606,9595,"6,6",57482.4142043237,2016-04-04 09:56:27.254000
95950606,9595,"6,6",57482.4533648766,2016-04-04 10:52:50.725000
95950606,9595,"6,6",57482.5207891441,2016-04-04 12:29:56.182000
95960606,9596,"6,6",57482.4533648766,2016-04-04 10:52:50.725000
95960606,9596,"6,6",57482.4562135059,2016-04-04 10:56:56.847000
95960606,9596,"6,6",57482.4776616115,2016-04-04 11:27:49.963000
95960606,9596,"6,6",57482.4884447875,2016-04-04 11:43:21.630000
95960606,9596,"6,6",57482.5229107132,2016-04-04 12:32:59.486000
95960606,9596,"6,6",57482.5527944393,2016-04-04 13:16:01.440000
95970606,9597,"6,6",57482.4590502749,2016-04-04 11:01:01.944000
95970606,9597,"6,6",57482.4797799285,2016-04-04 11:30:52.986000
95970606,9597,"6,6",57482.4905550527,2016-04-04 11:46:23.957000
95970606,9597,"6,6",57482.4926809245,2016-04-04 11:49:27.632000
95970606,9597,"6,6",57482.5250206352,2016-04-04 12:36:01.783000
95970606,9597,"6,6",57482.5549042183,2016-04-04 13:19:03.724000
95980606,9598,"6,6",57482.4619014552,2016-04-04 11:05:08.286000
95980606,9598,"6,6",57482.4818908386,2016-04-04 11:33:55.368000
95980606,9598,"6,6",57482.4926809245,2016-04-04 11:49:27.632000
95980606,9598,"6,6",57482.4948063893,2016-04-04 11:52:31.272000
95980606,9598,"6,6",57482.5271372423,2016-04-04 12:39:04.658000
95980606,9598,"6,6",57482.5591589105,2016-04-04 13:25:11.330000
95990606,9599,"6,6",57482.4647589666,2016-04-04 11:09:15.175000
95990606,9599,"6,6",57482.4840057557,2016-04-04 11:36:58.097000
95990606,9599,"6,6",57482.4969179747,2016-04-04 11:55:33.713000
95990606,9599,"6,6",57482.529259732,2016-04-04 12:42:08.041000
95990606,9599,"6,6",57482.5612765802,2016-04-04 13:28:14.297000
96000606,9600,"6,6",57869.35461293,2017-04-26 08:30:38.557000
96000606,9600,"6,6",57869.38157433,2017-04-26 09:09:28.022000
96000606,9600,"6,6",57869.41569625,2017-04-26 09:58:36.156000
96040606,9604,"6,6",57869.35788996,2017-04-26 08:35:21.692000
96040606,9604,"6,6",57869.3791937,2017-04-26 09:06:02.336000
96040606,9604,"6,6",57869.38994206,2017-04-26 09:21:30.994000
96080606,9608,"6,6",57545.3697290081,2016-06-06 08:52:24.586000
96090606,9609,"6,6",57545.3384873881,2016-06-06 08:07:25.310000
96090606,9609,"6,6",57545.3413669453,2016-06-06 08:11:34.104000
96100606,9610,"6,6",57545.3413669453,2016-06-06 08:11:34.104000
96090606,9609,"6,6",57545.3505953811,2016-06-06 08:24:51.441000
96090606,9609,"6,6",57545.3548479681,2016-06-06 08:30:58.864000
96100606,9610,"6,6",57545.3442286653,2016-06-06 08:15:41.357000
96090606,9609,"6,6",57545.371843589,2016-06-06 08:55:27.286000
96100606,9610,"6,6",57545.3527271245,2016-06-06 08:27:55.624000
96090606,9609,"6,6",57545.3846622664,2016-06-06 09:13:54.820000
96100606,9610,"6,6",57545.3569681025,2016-06-06 08:34:02.044000
96100606,9610,"6,6",57545.3739603031,2016-06-06 08:58:30.170000
96100606,9610,"6,6",57545.3867759476,2016-06-06 09:16:57.442000
96110606,9611,"6,6",57454.5988785638,2016-03-07 14:22:23.108000
96110606,9611,"6,6",57454.6104301861,2016-03-07 14:39:01.168000
96110606,9611,"6,6",57454.6146642491,2016-03-07 14:45:06.991000
96110606,9611,"6,6",57454.6303091701,2016-03-07 15:07:38.712000
96110606,9611,"6,6",57545.3442286653,2016-06-06 08:15:41.357000
96110606,9611,"6,6",57545.3591089947,2016-06-06 08:37:07.017000
96110606,9611,"6,6",57545.3888811329,2016-06-06 09:19:59.330000
96120606,9612,"6,6",57454.6474862089,2016-03-07 15:32:22.808000
96120606,9612,"6,6",57454.6018452602,2016-03-07 14:26:39.430000
96120606,9612,"6,6",57454.6125485133,2016-03-07 14:42:04.192000
96120606,9612,"6,6",57454.6146642491,2016-03-07 14:45:06.991000
96120606,9612,"6,6",57454.6168128052,2016-03-07 14:48:12.626000
96120606,9612,"6,6",57454.6324661341,2016-03-07 15:10:45.074000
96130606,9613,"6,6",57106.6021324908,2015-03-25 14:27:04.247000
96130606,9613,"6,6",57217.2626737049,2015-07-14 06:18:15.008000
96130606,9613,"6,6",57217.2668939964,2015-07-14 06:24:19.641000
96130606,9613,"6,6",57217.2690029223,2015-07-14 06:27:21.852000
96130606,9613,"6,6",57217.275326936,2015-07-14 06:36:28.247000
96130606,9613,"6,6",57217.2816517195,2015-07-14 06:45:34.709000
96140606,9614,"6,6",57106.5762598389,2015-03-25 13:49:48.850000
96140606,9614,"6,6",57106.5784797226,2015-03-25 13:53:00.648000
96140606,9614,"6,6",57106.5892456267,2015-03-25 14:08:30.822000
96140606,9614,"6,6",57106.5999686243,2015-03-25 14:23:57.289000
96140606,9614,"6,6",57106.6021324908,2015-03-25 14:27:04.247000
96140606,9614,"6,6",57106.6149300481,2015-03-25 14:45:29.956000
96150606,9615,"6,6",57106.5733927055,2015-03-25 13:45:41.130000
96150606,9615,"6,6",57106.5870610583,2015-03-25 14:05:22.075000
96150606,9615,"6,6",57106.5978237968,2015-03-25 14:20:51.976000
96150606,9615,"6,6",57106.6128150341,2015-03-25 14:42:27.219000
96160606,9616,"6,6",57106.5705197603,2015-03-25 13:41:32.907000
96160606,9616,"6,6",57106.5849136738,2015-03-25 14:02:16.541000
96160606,9616,"6,6",57106.6106623467,2015-03-25 14:39:21.227000
96160606,9616,"6,6",57106.6199821355,2015-03-25 14:52:46.457000
96160606,9616,"6,6",57106.6272719139,2015-03-25 15:03:16.293000
96160606,9616,"6,6",57106.6315597119,2015-03-25 15:09:26.759000
96170606,9617,"6,6",57106.6272719139,2015-03-25 15:03:16.293000
96170606,9617,"6,6",57106.6293855868,2015-03-25 15:06:18.915000
96170606,9617,"6,6",57106.6337440754,2015-03-25 15:12:35.488000
96170606,9617,"6,6",57106.638801483,2015-03-25 15:19:52.448000
96170606,9617,"6,6",57106.646072953,2015-03-25 15:30:20.703000
96170606,9617,"6,6",57159.4407883012,2015-05-17 10:34:44.109000
96180606,9618,"6,6",57159.4258358455,2015-05-17 10:13:12.217000
96180606,9618,"6,6",57159.4579160661,2015-05-17 10:59:23.948000
96180606,9618,"6,6",57159.4429039829,2015-05-17 10:37:46.904000
96180606,9618,"6,6",57159.4237266071,2015-05-17 10:10:09.979000
96180606,9618,"6,6",57159.361700491,2015-05-17 08:40:50.922000
96180606,9618,"6,6",57106.646072953,2015-03-25 15:30:20.703000
96180606,9618,"6,6",57576.29034032,2016-07-07 06:58:05.403000
96180606,9618,"6,6",57159.4216161864,2015-05-17 10:07:07.638000
96190606,9619,"6,6",57159.4173692055,2015-05-17 10:01:00.699000
96190606,9619,"6,6",57159.4258358455,2015-05-17 10:13:12.217000
96190606,9619,"6,6",57159.464254539,2015-05-17 11:08:31.592000
96190606,9619,"6,6",57159.4939499362,2015-05-17 11:51:17.275000
96190606,9619,"6,6",57159.4981880062,2015-05-17 11:57:23.444000
96190606,9619,"6,6",57159.5003098044,2015-05-17 12:00:26.767000
96190606,9619,"6,6",57576.29244611,2016-07-07 07:01:07.344000
96200606,9620,"6,6",57159.4769744165,2015-05-17 11:26:50.590000
96200606,9620,"6,6",57482.5786879165,2016-04-04 13:53:18.636000
96200606,9620,"6,6",57482.5921384222,2016-04-04 14:12:40.760000
96200606,9620,"6,6",57482.60502207,2016-04-04 14:31:13.907000
96200606,9620,"6,6",57482.6071435758,2016-04-04 14:34:17.205000
96200606,9620,"6,6",57482.6177203655,2016-04-04 14:49:31.040000
96200606,9620,"6,6",57576.2945771,2016-07-07 07:04:11.462000
96210606,9621,"6,6",57482.5815429655,2016-04-04 13:57:25.312000
96210606,9621,"6,6",57482.5879003238,2016-04-04 14:06:34.588000
96210606,9621,"6,6",57482.5942786876,2016-04-04 14:15:45.679000
96210606,9621,"6,6",57482.6071435758,2016-04-04 14:34:17.205000
96210606,9621,"6,6",57482.6198299024,2016-04-04 14:52:33.304000
96210606,9621,"6,6",57576.29668438,2016-07-07 07:07:13.530000
96920606,9692,"6,6",57247.3665044648,2015-08-13 08:47:45.986000
96920606,9692,"6,6",57247.3834557496,2015-08-13 09:12:10.577000
96220606,9622,"6,6",57576.29879836,2016-07-07 07:10:16.178000
96930606,9693,"6,6",57217.5095176487,2015-07-14 12:13:42.325000
96930606,9693,"6,6",57247.350972652,2015-08-13 08:25:24.037000
96930606,9693,"6,6",57247.3580486081,2015-08-13 08:35:35.400000
96930606,9693,"6,6",57247.3643954843,2015-08-13 08:44:43.770000
96930606,9693,"6,6",57247.3728418839,2015-08-13 08:56:53.539000
96930606,9693,"6,6",57247.38133751,2015-08-13 09:09:07.561000
96940606,9694,"6,6",57217.5116410996,2015-07-14 12:16:45.791000
96940606,9694,"6,6",57217.5356216626,2015-07-14 12:51:17.712000
96940606,9694,"6,6",57217.5377442818,2015-07-14 12:54:21.106000
96940606,9694,"6,6",56918.2401533439,2014-09-18 05:45:49.249000
96940606,9694,"6,6",56918.2544643455,2014-09-18 06:06:25.719000
96940606,9694,"6,6",56918.2674335958,2014-09-18 06:25:06.263000
96940606,9694,"6,6",56918.2696210169,2014-09-18 06:28:15.256000
96950606,9695,"6,6",57217.4562067473,2015-07-14 10:56:56.263000
96950606,9695,"6,6",57217.5137583795,2015-07-14 12:19:48.724000
96950606,9695,"6,6",57217.5377442818,2015-07-14 12:54:21.106000
96950606,9695,"6,6",57217.5398651129,2015-07-14 12:57:24.346000
96950606,9695,"6,6",56918.2430658313,2014-09-18 05:50:00.888000
96950606,9695,"6,6",56918.2566425814,2014-09-18 06:09:33.919000
96950606,9695,"6,6",56918.2717352631,2014-09-18 06:31:17.927000
96960606,9696,"6,6",57217.5426984117,2015-07-14 13:01:29.143000
96960606,9696,"6,6",57217.5570932855,2015-07-14 13:22:12.860000
96960606,9696,"6,6",57217.5634708358,2015-07-14 13:31:23.880000
96960606,9696,"6,6",56918.2459549182,2014-09-18 05:54:10.505000
96960606,9696,"6,6",56918.2588155596,2014-09-18 06:12:41.664000
96960606,9696,"6,6",57217.4476941321,2015-07-14 10:44:40.773000
96960606,9696,"6,6",57217.5073316996,2015-07-14 12:10:33.459000
96960606,9696,"6,6",57217.5398651129,2015-07-14 12:57:24.346000
96970606,9697,"6,6",57217.4448593548,2015-07-14 10:40:35.848000
96970606,9697,"6,6",57217.4476941321,2015-07-14 10:44:40.773000
96970606,9697,"6,6",57217.4796063998,2015-07-14 11:30:37.993000
96970606,9697,"6,6",57217.4817211172,2015-07-14 11:33:40.705000
96970606,9697,"6,6",57217.5052166055,2015-07-14 12:07:30.715000
96970606,9697,"6,6",57217.5455555096,2015-07-14 13:05:35.996000
96970606,9697,"6,6",57217.5655909739,2015-07-14 13:34:27.060000
96980606,9698,"6,6",57247.480441134,2015-08-13 11:31:50.114000
96980606,9698,"6,6",57217.4420106062,2015-07-14 10:36:29.716000
96980606,9698,"6,6",57217.4774795482,2015-07-14 11:27:34.233000
96980606,9698,"6,6",57217.4796063998,2015-07-14 11:30:37.993000
96980606,9698,"6,6",57217.5031093201,2015-07-14 12:04:28.645000
96980606,9698,"6,6",57217.5483889454,2015-07-14 13:09:40.805000
96980606,9698,"6,6",57217.567716348,2015-07-14 13:37:30.692000
96990606,9699,"6,6",57217.4711374356,2015-07-14 11:18:26.274000
96990606,9699,"6,6",57217.4753602445,2015-07-14 11:24:31.125000
96990606,9699,"6,6",57217.4774795482,2015-07-14 11:27:34.233000
96990606,9699,"6,6",57217.5009915354,2015-07-14 12:01:25.669000
96990606,9699,"6,6",57247.4104021597,2015-08-13 09:50:58.747000
96990606,9699,"6,6",57247.4825536939,2015-08-13 11:34:52.639000
96990606,9699,"6,6",57309.2148913261,2015-10-14 05:09:26.611000
97000606,9700,"6,6",57247.4233273324,2015-08-13 10:09:35.482000
97000606,9700,"6,6",57247.441791872,2015-08-13 10:36:10.818000
97000606,9700,"6,6",57247.4760917942,2015-08-13 11:25:34.331000
97000606,9700,"6,6",57247.4782175529,2015-08-13 11:28:37.997000
97000606,9700,"6,6",57247.4846704789,2015-08-13 11:37:55.529000
97000606,9700,"6,6",57309.2170157139,2015-10-14 05:12:30.158000
97010606,9701,"6,6",57247.3996911501,2015-08-13 09:35:33.315000
97010606,9701,"6,6",57247.4439182836,2015-08-13 10:39:14.540000
97010606,9701,"6,6",57247.4782175529,2015-08-13 11:28:37.997000
97010606,9701,"6,6",57247.4931676914,2015-08-13 11:50:09.689000
97010606,9701,"6,6",57247.4974424979,2015-08-13 11:56:19.032000
97010606,9701,"6,6",57309.2191367257,2015-10-14 05:15:33.413000
97010606,9701,"6,6",57309.2361929682,2015-10-14 05:40:07.072000
97020606,9702,"6,6",57247.4047232107,2015-08-13 09:42:48.085000
97020606,9702,"6,6",57247.426192244,2015-08-13 10:13:43.010000
97020606,9702,"6,6",57247.446028742,2015-08-13 10:42:16.883000
97020606,9702,"6,6",57247.4952882407,2015-08-13 11:53:12.904000
97020606,9702,"6,6",57247.4995596488,2015-08-13 11:59:21.954000
97020606,9702,"6,6",57309.2361929682,2015-10-14 05:40:07.072000
97020606,9702,"6,6",57309.2383056278,2015-10-14 05:43:09.606000
97030606,9703,"6,6",57247.4075579527,2015-08-13 09:46:53.007000
97030606,9703,"6,6",57247.4290369344,2015-08-13 10:17:48.791000
97030606,9703,"6,6",57247.4481754233,2015-08-13 10:45:22.357000
97030606,9703,"6,6",57247.5016676965,2015-08-13 12:02:24.089000
97030606,9703,"6,6",57309.2383056278,2015-10-14 05:43:09.606000
97030606,9703,"6,6",57309.2404343826,2015-10-14 05:46:13.531000
97030606,9703,"6,6",57309.2461239477,2015-10-14 05:54:25.109000
97030606,9703,"6,6",57309.2545861728,2015-10-14 06:06:36.245000
97040606,9704,"6,6",57576.50219608,2016-07-07 12:03:09.741000
97040606,9704,"6,6",57576.47888205,2016-07-07 11:29:35.409000
97050606,9705,"6,6",57576.49162214,2016-07-07 11:47:56.153000
97040606,9704,"6,6",57309.2503478457,2015-10-14 06:00:30.054000
97040606,9704,"6,6",57576.48456909,2016-07-07 11:37:46.770000
97040606,9704,"6,6",57576.51697597,2016-07-07 12:24:26.724000
97050606,9705,"6,6",57576.50431169,2016-07-07 12:06:12.530000
97050606,9705,"6,6",57576.49373003,2016-07-07 11:50:58.275000
97040606,9704,"6,6",57309.2461239477,2015-10-14 05:54:25.109000
97050606,9705,"6,6",57576.51909169,2016-07-07 12:27:29.522000
97050606,9705,"6,6",57576.48173645,2016-07-07 11:33:42.029000
97050606,9705,"6,6",57576.48739965,2016-07-07 11:41:51.329000
97060606,9706,"6,6",57576.49373003,2016-07-07 11:50:58.275000
97060606,9706,"6,6",57576.57117907,2016-07-07 13:42:29.872000
97060606,9706,"6,6",57576.5740188,2016-07-07 13:46:35.224000
97060606,9706,"6,6",57576.57823544,2016-07-07 13:52:39.542000
97060606,9706,"6,6",57576.58465948,2016-07-07 14:01:54.579000
97060606,9706,"6,6",57576.59311962,2016-07-07 14:14:05.535000
97060606,9706,"6,6",57628.40818774,2016-08-28 09:47:47.421000
97070606,9707,"6,6",57576.60544559,2016-07-07 14:31:50.499000
97070606,9707,"6,6",57576.60757116,2016-07-07 14:34:54.148000
97070606,9707,"6,6",57576.60969523,2016-07-07 14:37:57.668000
97070606,9707,"6,6",57628.40595101,2016-08-28 09:44:34.167000
97070606,9707,"6,6",57628.41030986,2016-08-28 09:50:50.772000
97070606,9707,"6,6",57628.41689972,2016-08-28 10:00:20.136000
97080606,9708,"6,6",57628.39742864,2016-08-28 09:32:17.834000
97080606,9708,"6,6",57628.40595101,2016-08-28 09:44:34.167000
97080606,9708,"6,6",57628.41902576,2016-08-28 10:03:23.826000
97080606,9708,"6,6",57629.40576912,2016-08-29 09:44:18.452000
97080606,9708,"6,6",57637.37192603,2016-09-06 08:55:34.409000
97080606,9708,"6,6",57628.38750461,2016-08-28 09:18:00.399000
97090606,9709,"6,6",57637.36980788,2016-09-06 08:52:31.401000
97090606,9709,"6,6",57637.37620091,2016-09-06 09:01:43.758000
97090606,9709,"6,6",57637.38478742,2016-09-06 09:14:05.633000
97090606,9709,"6,6",57637.39550887,2016-09-06 09:29:31.966000
97090606,9709,"6,6",57637.39762701,2016-09-06 09:32:34.974000
97090606,9709,"6,6",57637.40402133,2016-09-06 09:41:47.442000
97090606,9709,"6,6",57629.39940908,2016-08-29 09:35:08.945000
97100606,9710,"6,6",57983.3830444,2017-08-18 09:11:35.036000
97100606,9710,"6,6",58020.31822751,2017-09-24 07:38:14.857000
97100606,9710,"6,6",58020.32867575,2017-09-24 07:53:17.585000
97100606,9710,"6,6",58020.36015815,2017-09-24 08:38:37.664000
97100606,9710,"6,6",57637.38193199,2016-09-06 09:09:58.924000
97100606,9710,"6,6",57637.38904744,2016-09-06 09:20:13.699000
97100606,9710,"6,6",57637.40402133,2016-09-06 09:41:47.442000
97110606,9711,"6,6",57983.36908947,2017-08-18 08:51:29.330000
97110606,9711,"6,6",57983.37188066,2017-08-18 08:55:30.489000
97110606,9711,"6,6",57983.3858344,2017-08-18 09:15:36.092000
97110606,9711,"6,6",57983.40678747,2017-08-18 09:45:46.437000
97110606,9711,"6,6",57992.61497732,2017-08-27 14:45:34.040000
97110606,9711,"6,6",58020.3203145,2017-09-24 07:41:15.173000
97110606,9711,"6,6",58020.33076917,2017-09-24 07:56:18.456000
97110606,9711,"6,6",58020.3622511,2017-09-24 08:41:38.495000
97990606,9799,"6,6",57398.358149854,2016-01-11 08:35:44.147000
97990606,9799,"6,6",57398.3645457947,2016-01-11 08:44:56.757000
97990606,9799,"6,6",57398.3708731295,2016-01-11 08:54:03.438000
97990606,9799,"6,6",57398.380131369,2016-01-11 09:07:23.350000
97990606,9799,"6,6",57398.4064828907,2016-01-11 09:45:20.122000
97990606,9799,"6,6",57398.4150057985,2016-01-11 09:57:36.501000
98000606,9800,"6,6",56986.5264618611,2014-11-25 12:38:06.305000
98000606,9800,"6,6",56986.542329276,2014-11-25 13:00:57.249000
98000606,9800,"6,6",56986.5573030631,2014-11-25 13:22:30.985000
98000606,9800,"6,6",56986.5594826941,2014-11-25 13:25:39.305000
98000606,9800,"6,6",57398.3829812687,2016-01-11 09:11:29.582000
98000606,9800,"6,6",57398.385877809,2016-01-11 09:15:39.843000
98000606,9800,"6,6",57398.4086376792,2016-01-11 09:48:26.295000
98010606,9801,"6,6",57398.3887508297,2016-01-11 09:19:48.072000
98000606,9800,"6,6",57398.4171125786,2016-01-11 10:00:38.527000
98010606,9801,"6,6",57398.4192739469,2016-01-11 10:03:45.269000
98010606,9801,"6,6",57398.4107609484,2016-01-11 09:51:29.746000
98010606,9801,"6,6",57398.4213987109,2016-01-11 10:06:48.849000
98010606,9801,"6,6",56986.5293592671,2014-11-25 12:42:16.641000
98010606,9801,"6,6",56986.5444745077,2014-11-25 13:04:02.597000
98010606,9801,"6,6",56986.6243568081,2014-11-25 14:59:04.428000
98020606,9802,"6,6",56986.5978113902,2014-11-25 14:20:50.904000
98020606,9802,"6,6",56986.6113736872,2014-11-25 14:40:22.687000
98020606,9802,"6,6",56986.6264709956,2014-11-25 15:02:07.094000
98020606,9802,"6,6",57398.391605048,2016-01-11 09:23:54.676000
98020606,9802,"6,6",57398.4128750479,2016-01-11 09:54:32.404000
98020606,9802,"6,6",57398.4213987109,2016-01-11 10:06:48.849000
98020606,9802,"6,6",57398.4235245762,2016-01-11 10:09:52.523000
98030606,9803,"6,6",56986.6006853338,2014-11-25 14:24:59.213000
98030606,9803,"6,6",56986.6135193128,2014-11-25 14:43:28.069000
98030606,9803,"6,6",57106.3877225113,2015-03-25 09:18:19.225000
98030606,9803,"6,6",57106.4141724976,2015-03-25 09:56:24.504000
98030606,9803,"6,6",57398.4235245762,2016-01-11 10:09:52.523000
98030606,9803,"6,6",57398.4263706622,2016-01-11 10:13:58.425000
98030606,9803,"6,6",57398.4306568727,2016-01-11 10:20:08.754000
98030606,9803,"6,6",57398.4327680622,2016-01-11 10:23:11.161000
98050606,9805,"6,6",57340.5892127454,2015-11-14 14:08:27.981000
98040606,9804,"6,6",57454.3852752037,2016-03-07 09:14:47.778000
98040606,9804,"6,6",57454.4097911618,2016-03-07 09:50:05.956000
98040606,9804,"6,6",57454.3355336711,2016-03-07 08:03:10.109000
98040606,9804,"6,6",57106.4034679825,2015-03-25 09:40:59.634000
98040606,9804,"6,6",57106.4013454532,2015-03-25 09:37:56.247000
98050606,9805,"6,6",57340.6249900879,2015-11-14 14:59:59.144000
98040606,9804,"6,6",57106.4163222387,2015-03-25 09:59:30.241000
98040606,9804,"6,6",57106.3877225113,2015-03-25 09:18:19.225000
98050606,9805,"6,6",57340.6076946608,2015-11-14 14:35:04.819000
98040606,9804,"6,6",57454.3926137155,2016-03-07 09:25:21.825000
98040606,9804,"6,6",57106.3906519525,2015-03-25 09:22:32.329000
98050606,9805,"6,6",57454.3383787796,2016-03-07 08:07:15.927000
98050606,9805,"6,6",57454.3947191574,2016-03-07 09:28:23.735000
98050606,9805,"6,6",57454.4119975511,2016-03-07 09:53:16.588000
98060606,9806,"6,6",57340.6076946608,2015-11-14 14:35:04.819000
98060606,9806,"6,6",57454.3412474766,2016-03-07 08:11:23.782000
98050606,9805,"6,6",57106.4034679825,2015-03-25 09:40:59.634000
98060606,9806,"6,6",57454.3806840479,2016-03-07 09:08:11.102000
98060606,9806,"6,6",57340.5920650032,2015-11-14 14:12:34.416000
98060606,9806,"6,6",57454.4141179393,2016-03-07 09:56:19.790000
98060606,9806,"6,6",57340.6098160166,2015-11-14 14:38:08.104000
98060606,9806,"6,6",57454.3968372149,2016-03-07 09:31:26.735000
98070606,9807,"6,6",57340.611929765,2015-11-14 14:41:10.732000
98070606,9807,"6,6",57454.3441314571,2016-03-07 08:15:32.958000
98070606,9807,"6,6",57454.3827936989,2016-03-07 09:11:13.376000
98070606,9807,"6,6",57454.4162668334,2016-03-07 09:59:25.454000
98080606,9808,"6,6",57807.28731152,2017-02-23 06:53:43.715000
98080606,9808,"6,6",57807.30195462,2017-02-23 07:14:48.879000
98070606,9807,"6,6",57340.5949091408,2015-11-14 14:16:40.150000
98120606,9812,"6,6",57834.31958494,2017-03-22 07:40:12.139000
98120606,9812,"6,6",57834.3343957,2017-03-22 08:01:31.788000
98120606,9812,"6,6",57834.34073698,2017-03-22 08:10:39.675000
98120606,9812,"6,6",57755.63709826,2017-01-02 15:17:25.290000
98130606,9813,"6,6",57834.31958494,2017-03-22 07:40:12.139000
98130606,9813,"6,6",57834.32168252,2017-03-22 07:43:13.370000
98130606,9813,"6,6",57834.33650322,2017-03-22 08:04:33.878000
98130606,9813,"6,6",57834.34284086,2017-03-22 08:13:41.450000
98130606,9813,"6,6",57834.35554372,2017-03-22 08:31:58.978000
98130606,9813,"6,6",57755.64561643,2017-01-02 15:29:41.260000
98130606,9813,"6,6",57755.65049308,2017-01-02 15:36:42.602000
98140606,9814,"6,6",57834.32377769,2017-03-22 07:46:14.392000
98140606,9814,"6,6",57834.33860217,2017-03-22 08:07:35.227000
98140606,9814,"6,6",57834.35768006,2017-03-22 08:35:03.557000
98140606,9814,"6,6",57755.6428179,2017-01-02 15:25:39.466000
98140606,9814,"6,6",57755.64840589,2017-01-02 15:33:42.269000
98600606,9860,"6,6",57576.25507312,2016-07-07 06:07:18.317000
98600606,9860,"6,6",57576.26881979,2016-07-07 06:27:06.030000
98600606,9860,"6,6",57576.27966524,2016-07-07 06:42:43.077000
98620606,9862,"6,6",57576.28600394,2016-07-07 06:51:50.741000
98610606,9861,"6,6",57576.26881979,2016-07-07 06:27:06.030000
98620606,9862,"6,6",57576.27306976,2016-07-07 06:33:13.227000
98610606,9861,"6,6",57576.25790974,2016-07-07 06:11:23.401000
98610606,9861,"6,6",57576.27093561,2016-07-07 06:30:08.837000
98620606,9862,"6,6",57576.28388924,2016-07-07 06:48:48.030000
98610606,9861,"6,6",57576.28178825,2016-07-07 06:45:46.505000
98620606,9862,"6,6",57576.26076344,2016-07-07 06:15:29.961000
98630606,9863,"6,6",57576.2636142,2016-07-07 06:19:36.267000
98630606,9863,"6,6",57576.27517353,2016-07-07 06:36:14.993000
98630606,9863,"6,6",57576.28811841,2016-07-07 06:54:53.430000
98640606,9864,"6,6",57576.26645624,2016-07-07 06:23:41.819000
98640606,9864,"6,6",57576.27728922,2016-07-07 06:39:17.789000
169730606,16973,"6,6",57159.515010728,2015-05-17 12:21:36.927000
169730606,16973,"6,6",57159.5171248289,2015-05-17 12:24:39.585000
169730606,16973,"6,6",57217.2921053329,2015-07-14 07:00:37.901000
169730606,16973,"6,6",57217.2942280448,2015-07-14 07:03:41.303000
169730606,16973,"6,6",57217.2963454486,2015-07-14 07:06:44.247000
169730606,16973,"6,6",57217.2984444932,2015-07-14 07:09:45.604000
168220606,16822,"6,6",57217.2921053329,2015-07-14 07:00:37.901000
168220606,16822,"6,6",57217.2942280448,2015-07-14 07:03:41.303000
